-- MariaDB dump 10.19  Distrib 10.4.28-MariaDB, for Win64 (AMD64)
--
-- Host: localhost    Database: team17
-- ------------------------------------------------------
-- Server version	10.4.28-MariaDB

/*!40101 SET @OLD_CHARACTER_SET_CLIENT=@@CHARACTER_SET_CLIENT */;
/*!40101 SET @OLD_CHARACTER_SET_RESULTS=@@CHARACTER_SET_RESULTS */;
/*!40101 SET @OLD_COLLATION_CONNECTION=@@COLLATION_CONNECTION */;
/*!40101 SET NAMES utf8mb4 */;
/*!40103 SET @OLD_TIME_ZONE=@@TIME_ZONE */;
/*!40103 SET TIME_ZONE='+00:00' */;
/*!40014 SET @OLD_UNIQUE_CHECKS=@@UNIQUE_CHECKS, UNIQUE_CHECKS=0 */;
/*!40014 SET @OLD_FOREIGN_KEY_CHECKS=@@FOREIGN_KEY_CHECKS, FOREIGN_KEY_CHECKS=0 */;
/*!40101 SET @OLD_SQL_MODE=@@SQL_MODE, SQL_MODE='NO_AUTO_VALUE_ON_ZERO' */;
/*!40111 SET @OLD_SQL_NOTES=@@SQL_NOTES, SQL_NOTES=0 */;

--
-- Current Database: `team17`
--

CREATE DATABASE /*!32312 IF NOT EXISTS*/ `team17` /*!40100 DEFAULT CHARACTER SET utf8mb4 COLLATE utf8mb4_unicode_ci */;

USE `team17`;

--
-- Table structure for table `bike_breakdown`
--

DROP TABLE IF EXISTS `bike_breakdown`;
/*!40101 SET @saved_cs_client     = @@character_set_client */;
/*!40101 SET character_set_client = utf8 */;
CREATE TABLE `bike_breakdown` (
  `complaint_id` int(11) NOT NULL,
  `bike_id` int(11) DEFAULT NULL,
  `datetime` datetime DEFAULT NULL,
  `reason_to_fix` varchar(3) DEFAULT NULL,
  PRIMARY KEY (`complaint_id`)
) ENGINE=InnoDB DEFAULT CHARSET=utf8mb4 COLLATE=utf8mb4_unicode_ci;
/*!40101 SET character_set_client = @saved_cs_client */;

--
-- Dumping data for table `bike_breakdown`
--

LOCK TABLES `bike_breakdown` WRITE;
/*!40000 ALTER TABLE `bike_breakdown` DISABLE KEYS */;
INSERT INTO `bike_breakdown` VALUES (1,14234,'2023-06-04 03:34:00','안장'),(2,40336,'2023-06-07 13:33:00','페달'),(3,41393,'2023-06-20 08:58:00','타이어'),(4,32001,'2023-06-08 08:33:00','단말기'),(5,63238,'2023-06-26 00:34:00','체인'),(6,38743,'2023-06-24 08:16:00','안장'),(7,71526,'2023-06-16 03:02:00','타이어'),(8,79407,'2023-06-25 06:34:00','체인'),(9,90940,'2023-06-13 10:33:00','타이어'),(10,33941,'2023-06-22 01:24:00','타이어'),(11,18415,'2023-06-03 09:07:00','체인'),(12,26149,'2023-06-10 18:12:00','기타'),(13,68859,'2023-06-10 15:01:00','체인'),(14,73361,'2023-06-25 13:42:00','안장'),(15,33927,'2023-06-17 14:08:00','단말기'),(16,96661,'2023-06-02 06:10:00','체인'),(17,92335,'2023-06-17 09:00:00','안장'),(18,62166,'2023-06-16 19:42:00','기타'),(19,34086,'2023-06-21 16:51:00','기타'),(20,31282,'2023-06-24 13:37:00','체인'),(21,28626,'2023-06-08 23:23:00','타이어'),(22,38064,'2023-06-17 22:47:00','단말기'),(23,75725,'2023-06-28 06:13:00','타이어'),(24,52289,'2023-06-15 11:51:00','체인'),(25,19429,'2023-06-16 05:25:00','기타'),(26,39603,'2023-06-08 12:41:00','페달'),(27,13444,'2023-06-03 23:10:00','타이어'),(28,40983,'2023-06-10 03:30:00','안장'),(29,22394,'2023-06-29 09:02:00','타이어'),(30,66512,'2023-06-29 15:44:00','페달'),(31,10301,'2023-06-26 18:04:00','기타'),(32,15496,'2023-06-05 02:52:00','단말기'),(33,59323,'2023-06-16 07:41:00','기타'),(34,65444,'2023-06-17 22:40:00','단말기'),(35,89437,'2023-06-27 23:00:00','기타'),(36,94018,'2023-06-03 15:00:00','안장'),(37,76523,'2023-06-01 12:00:00','안장'),(38,84274,'2023-06-07 22:04:00','체인'),(39,69029,'2023-06-22 04:32:00','기타'),(40,80176,'2023-06-29 16:55:00','타이어'),(41,39200,'2023-06-02 04:51:00','체인'),(42,53403,'2023-06-09 19:41:00','체인'),(43,53410,'2023-06-09 22:54:00','페달'),(44,83020,'2023-06-26 00:40:00','안장'),(45,86849,'2023-06-07 14:43:00','기타'),(46,61588,'2023-06-14 06:56:00','안장'),(47,33277,'2023-06-10 09:40:00','안장'),(48,72270,'2023-06-27 04:36:00','안장'),(49,43773,'2023-06-20 14:21:00','안장'),(50,71453,'2023-06-17 16:13:00','기타'),(51,16971,'2023-06-01 11:33:00','기타'),(52,27484,'2023-06-29 06:46:00','체인'),(53,38444,'2023-06-29 05:09:00','단말기'),(54,91058,'2023-06-17 04:20:00','기타'),(55,33817,'2023-06-10 03:16:00','기타'),(56,86624,'2023-06-23 21:59:00','안장'),(57,19572,'2023-06-04 22:29:00','안장'),(58,92977,'2023-06-04 14:38:00','타이어'),(59,90567,'2023-06-17 09:53:00','체인'),(60,48241,'2023-06-12 05:13:00','체인'),(61,29077,'2023-06-19 12:34:00','안장'),(62,56220,'2023-06-04 03:21:00','안장'),(63,74648,'2023-06-30 21:32:00','안장'),(64,48913,'2023-06-06 02:33:00','체인'),(65,90877,'2023-06-27 07:30:00','기타'),(66,87325,'2023-06-26 02:56:00','타이어'),(67,37465,'2023-06-26 17:11:00','기타'),(68,32679,'2023-06-06 21:01:00','체인'),(69,18273,'2023-06-24 11:25:00','페달'),(70,87449,'2023-06-18 11:25:00','기타'),(71,37568,'2023-06-16 20:08:00','타이어'),(72,62140,'2023-06-02 08:55:00','체인'),(73,61815,'2023-06-04 12:40:00','체인'),(74,11906,'2023-06-09 12:25:00','안장'),(75,10422,'2023-06-01 01:02:00','기타'),(76,18206,'2023-06-24 10:44:00','기타'),(77,71786,'2023-06-06 12:53:00','안장'),(78,50700,'2023-06-01 23:16:00','기타'),(79,64475,'2023-06-05 00:42:00','기타'),(80,69336,'2023-06-02 22:13:00','안장'),(81,78339,'2023-06-17 11:31:00','페달'),(82,84147,'2023-06-12 18:17:00','안장'),(83,79286,'2023-06-09 18:35:00','기타'),(84,75589,'2023-06-02 08:56:00','타이어'),(85,73910,'2023-06-28 22:01:00','기타'),(86,50319,'2023-06-14 05:32:00','체인'),(87,73082,'2023-06-12 23:04:00','기타'),(88,41072,'2023-06-24 11:26:00','기타'),(89,93353,'2023-06-18 21:30:00','기타'),(90,17358,'2023-06-03 05:53:00','타이어'),(91,67060,'2023-06-28 00:33:00','체인'),(92,83067,'2023-06-01 19:05:00','단말기'),(93,39977,'2023-06-21 13:35:00','페달'),(94,76753,'2023-06-05 16:58:00','타이어'),(95,32288,'2023-06-07 09:54:00','안장'),(96,41269,'2023-06-28 17:11:00','안장'),(97,99367,'2023-06-09 22:49:00','기타'),(98,95140,'2023-06-21 12:19:00','체인'),(99,82553,'2023-06-27 00:54:00','단말기'),(100,72660,'2023-06-12 00:25:00','기타');
/*!40000 ALTER TABLE `bike_breakdown` ENABLE KEYS */;
UNLOCK TABLES;

--
-- Table structure for table `bike_fix`
--

DROP TABLE IF EXISTS `bike_fix`;
/*!40101 SET @saved_cs_client     = @@character_set_client */;
/*!40101 SET character_set_client = utf8 */;
CREATE TABLE `bike_fix` (
  `complaint_id` int(11) NOT NULL,
  `bike_id` int(11) DEFAULT NULL,
  `return_datetime` datetime DEFAULT NULL,
  `return_station` int(11) DEFAULT NULL,
  PRIMARY KEY (`complaint_id`),
  KEY `return_station` (`return_station`),
  CONSTRAINT `bike_fix_ibfk_1` FOREIGN KEY (`complaint_id`) REFERENCES `bike_breakdown` (`complaint_id`) ON DELETE CASCADE,
  CONSTRAINT `bike_fix_ibfk_2` FOREIGN KEY (`return_station`) REFERENCES `station` (`station_id`) ON DELETE CASCADE
) ENGINE=InnoDB DEFAULT CHARSET=utf8mb4 COLLATE=utf8mb4_unicode_ci;
/*!40101 SET character_set_client = @saved_cs_client */;

--
-- Dumping data for table `bike_fix`
--

LOCK TABLES `bike_fix` WRITE;
/*!40000 ALTER TABLE `bike_fix` DISABLE KEYS */;
INSERT INTO `bike_fix` VALUES (1,14234,'2023-06-08 17:34:00',4797),(2,40336,'2023-06-13 02:33:00',2293),(3,41393,'2023-06-26 10:58:00',1540),(4,32001,'2023-06-15 19:33:00',3787),(5,63238,'2023-07-02 07:34:00',321),(6,38743,'2023-06-28 05:16:00',1158),(7,71526,'2023-06-21 17:02:00',2369),(8,79407,'2023-06-30 14:34:00',184),(9,90940,'2023-06-18 11:33:00',184),(10,33941,'2023-06-28 02:24:00',1158),(11,18415,'2023-06-11 01:07:00',217),(12,26149,'2023-06-15 06:12:00',1352),(13,68859,'2023-06-14 06:01:00',4367),(14,73361,'2023-07-02 23:42:00',3683),(15,33927,'2023-06-23 22:08:00',637),(16,96661,'2023-06-06 19:10:00',4541),(17,92335,'2023-06-22 06:00:00',368),(18,62166,'2023-06-22 12:42:00',1073),(19,34086,'2023-06-29 10:51:00',4564),(20,31282,'2023-07-01 21:37:00',3812),(21,28626,'2023-06-13 05:23:00',1637),(22,38064,'2023-06-21 18:47:00',321),(23,75725,'2023-07-02 00:13:00',4329),(24,52289,'2023-06-21 20:51:00',5857),(25,19429,'2023-06-22 05:25:00',4685),(26,39603,'2023-06-13 07:41:00',1158),(27,13444,'2023-06-08 23:10:00',1198),(28,40983,'2023-06-17 07:30:00',1257),(29,22394,'2023-07-06 02:02:00',1637),(30,66512,'2023-07-06 01:44:00',1841),(31,10301,'2023-07-01 03:04:00',1257),(32,15496,'2023-06-12 20:52:00',2369),(33,59323,'2023-06-21 18:41:00',1257),(34,65444,'2023-06-24 20:40:00',1198),(35,89437,'2023-07-02 20:00:00',408),(36,94018,'2023-06-08 11:00:00',1540),(37,76523,'2023-06-08 08:00:00',2506),(38,84274,'2023-06-15 02:04:00',637),(39,69029,'2023-06-27 20:32:00',2137),(40,80176,'2023-07-06 14:55:00',435),(41,39200,'2023-06-06 16:51:00',4797),(42,53403,'2023-06-17 14:41:00',1854),(43,53410,'2023-06-17 20:54:00',170),(44,83020,'2023-07-03 09:40:00',213),(45,86849,'2023-06-11 09:43:00',2506),(46,61588,'2023-06-18 07:56:00',4329),(47,33277,'2023-06-17 02:40:00',166),(48,72270,'2023-07-02 03:36:00',411),(49,43773,'2023-06-24 11:21:00',2284),(50,71453,'2023-06-25 05:13:00',166),(51,16971,'2023-06-04 17:33:00',1841),(52,27484,'2023-07-06 03:46:00',4564),(53,38444,'2023-07-03 08:09:00',1121),(54,91058,'2023-06-21 14:20:00',4589),(55,33817,'2023-06-15 06:16:00',2363),(56,86624,'2023-07-01 06:59:00',2363),(57,19572,'2023-06-11 07:29:00',179),(58,92977,'2023-06-11 05:38:00',4905),(59,90567,'2023-06-23 15:53:00',5089),(60,48241,'2023-06-18 14:13:00',4458),(61,29077,'2023-06-25 23:34:00',4462),(62,56220,'2023-06-08 19:21:00',4676),(63,74648,'2023-07-08 12:32:00',2293),(64,48913,'2023-06-11 16:33:00',3812),(65,90877,'2023-06-30 11:30:00',1158),(66,87325,'2023-07-03 10:56:00',907),(67,37465,'2023-06-30 01:11:00',1858),(68,32679,'2023-06-10 20:01:00',1858),(69,18273,'2023-07-02 03:25:00',1352),(70,87449,'2023-06-23 23:25:00',179),(71,37568,'2023-06-20 04:08:00',4905),(72,62140,'2023-06-08 02:55:00',179),(73,61815,'2023-06-10 13:40:00',3775),(74,11906,'2023-06-15 06:25:00',412),(75,10422,'2023-06-08 17:02:00',3683),(76,18206,'2023-06-30 05:44:00',1854),(77,71786,'2023-06-14 00:53:00',4676),(78,50700,'2023-06-05 05:16:00',1257),(79,64475,'2023-06-12 08:42:00',4214),(80,69336,'2023-06-07 15:13:00',2305),(81,78339,'2023-06-20 21:31:00',1540),(82,84147,'2023-06-19 11:17:00',411),(83,79286,'2023-06-15 03:35:00',4468),(84,75589,'2023-06-08 15:56:00',1809),(85,73910,'2023-07-02 05:01:00',1637),(86,50319,'2023-06-19 15:32:00',4474),(87,73082,'2023-06-17 08:04:00',4480),(88,41072,'2023-06-28 04:26:00',4462),(89,93353,'2023-06-22 16:30:00',1854),(90,17358,'2023-06-08 09:53:00',2510),(91,67060,'2023-07-05 04:33:00',1749),(92,83067,'2023-06-07 03:05:00',2614),(93,39977,'2023-06-29 01:35:00',4908),(94,76753,'2023-06-09 21:58:00',435),(95,32288,'2023-06-11 21:54:00',4462),(96,41269,'2023-07-06 13:11:00',723),(97,99367,'2023-06-14 14:49:00',850),(98,95140,'2023-06-25 06:19:00',4329),(99,82553,'2023-07-02 04:54:00',1198),(100,72660,'2023-06-17 19:25:00',2506);
/*!40000 ALTER TABLE `bike_fix` ENABLE KEYS */;
UNLOCK TABLES;

--
-- Table structure for table `bike_info_of_station`
--

DROP TABLE IF EXISTS `bike_info_of_station`;
/*!40101 SET @saved_cs_client     = @@character_set_client */;
/*!40101 SET character_set_client = utf8 */;
CREATE TABLE `bike_info_of_station` (
  `station_id` int(11) NOT NULL,
  `num_stand` int(11) DEFAULT NULL,
  PRIMARY KEY (`station_id`),
  CONSTRAINT `bike_info_of_station_ibfk_1` FOREIGN KEY (`station_id`) REFERENCES `station` (`station_id`) ON DELETE CASCADE
) ENGINE=InnoDB DEFAULT CHARSET=utf8mb4 COLLATE=utf8mb4_unicode_ci;
/*!40101 SET character_set_client = @saved_cs_client */;

--
-- Dumping data for table `bike_info_of_station`
--

LOCK TABLES `bike_info_of_station` WRITE;
/*!40000 ALTER TABLE `bike_info_of_station` DISABLE KEYS */;
INSERT INTO `bike_info_of_station` VALUES (155,15),(166,20),(170,10),(179,28),(184,9),(206,35),(213,19),(217,15),(321,15),(356,30),(368,15),(380,8),(405,8),(408,28),(411,10),(412,22),(415,20),(417,20),(425,10),(435,10),(637,10),(700,20),(723,15),(815,60),(850,15),(907,10),(1011,20),(1073,7),(1121,15),(1158,20),(1172,8),(1182,20),(1183,10),(1198,31),(1201,15),(1206,20),(1257,20),(1258,10),(1352,8),(1372,20),(1540,8),(1637,9),(1749,10),(1809,10),(1812,10),(1835,10),(1841,12),(1851,10),(1854,10),(1858,10),(1962,15),(2137,10),(2165,10),(2284,15),(2285,10),(2293,10),(2305,6),(2363,15),(2365,15),(2369,20),(2506,10),(2510,8),(2614,15),(2617,15),(3104,13),(3642,13),(3683,10),(3775,10),(3787,15),(3812,10),(3984,5),(4210,7),(4214,10),(4329,8),(4367,5),(4458,10),(4462,8),(4468,15),(4474,10),(4480,10),(4541,9),(4564,10),(4589,18),(4590,20),(4676,9),(4685,25),(4797,13),(4854,10),(4860,7),(4867,10),(4884,16),(4885,8),(4905,10),(4908,5),(5080,10),(5082,9),(5086,8),(5089,20),(5857,15);
/*!40000 ALTER TABLE `bike_info_of_station` ENABLE KEYS */;
UNLOCK TABLES;

--
-- Table structure for table `eco_usage`
--

DROP TABLE IF EXISTS `eco_usage`;
/*!40101 SET @saved_cs_client     = @@character_set_client */;
/*!40101 SET character_set_client = utf8 */;
CREATE TABLE `eco_usage` (
  `usage_id` int(11) NOT NULL,
  `carbon` double DEFAULT NULL,
  PRIMARY KEY (`usage_id`),
  CONSTRAINT `eco_usage_ibfk_1` FOREIGN KEY (`usage_id`) REFERENCES `rent_history` (`usage_id`) ON DELETE CASCADE
) ENGINE=InnoDB DEFAULT CHARSET=utf8mb4 COLLATE=utf8mb4_unicode_ci;
/*!40101 SET character_set_client = @saved_cs_client */;

--
-- Dumping data for table `eco_usage`
--

LOCK TABLES `eco_usage` WRITE;
/*!40000 ALTER TABLE `eco_usage` DISABLE KEYS */;
INSERT INTO `eco_usage` VALUES (1,0.25),(2,0.29),(3,0.23),(4,0.15),(5,0.14),(6,0.11),(7,0.33),(8,0.03),(9,0.41),(10,0.4),(11,0.27),(12,0.2),(13,0.55),(14,1.18),(15,1.12),(16,0.95),(17,0.65),(18,0.64),(19,0.48),(20,1.36),(21,0.92),(22,0.48),(23,0.07),(24,0.53),(25,0.23),(26,0.81),(27,0.2),(28,0.29),(29,0.32),(30,1.63),(31,0.21),(32,0.45),(33,0.29),(34,0.14),(35,0.6),(36,1.13),(37,0.39),(38,0.32),(39,0.31),(40,1.2),(41,0.39),(42,1.62),(43,0.45),(44,0.78),(45,2.64),(46,0.37),(47,0.78),(48,0.25),(49,0.29),(50,0.3),(51,0.65),(52,0.16),(53,1.07),(54,0.12),(55,0.88),(56,0.12),(57,0.22),(58,0.68),(59,0.14),(60,0.28),(61,0.52),(62,0.6),(63,1.24),(64,0.29),(65,0.14),(66,0.36),(67,0.35),(68,2.15),(69,0.37),(70,1.05),(71,0.63),(72,0.21),(73,0.16),(74,0.24),(75,0.33),(76,0.13),(77,0.08),(78,1.77),(79,3.33),(80,1.37),(81,0.68),(82,0.56),(83,0),(84,0.32),(85,0.42),(86,0.02),(87,0.41),(88,0.54),(89,1.11),(90,0.96),(91,0.29),(92,0.87),(93,0.23),(94,0.41),(95,0.23),(96,0.29),(97,0.47),(98,0.29),(99,0.08),(100,0.05);
/*!40000 ALTER TABLE `eco_usage` ENABLE KEYS */;
UNLOCK TABLES;

--
-- Table structure for table `member`
--

DROP TABLE IF EXISTS `member`;
/*!40101 SET @saved_cs_client     = @@character_set_client */;
/*!40101 SET character_set_client = utf8 */;
CREATE TABLE `member` (
  `user_id` int(11) NOT NULL,
  `joined_date` date DEFAULT NULL,
  PRIMARY KEY (`user_id`),
  CONSTRAINT `member_ibfk_1` FOREIGN KEY (`user_id`) REFERENCES `user` (`user_id`) ON DELETE CASCADE
) ENGINE=InnoDB DEFAULT CHARSET=utf8mb4 COLLATE=utf8mb4_unicode_ci;
/*!40101 SET character_set_client = @saved_cs_client */;

--
-- Dumping data for table `member`
--

LOCK TABLES `member` WRITE;
/*!40000 ALTER TABLE `member` DISABLE KEYS */;
INSERT INTO `member` VALUES (1,'2023-05-01'),(2,'2023-05-01'),(3,'2023-05-01'),(4,'2023-05-02'),(5,'2023-05-02'),(6,'2023-05-02'),(7,'2023-05-02'),(8,'2023-05-02'),(9,'2023-05-02'),(10,'2023-05-02'),(11,'2023-05-02'),(12,'2023-05-02'),(13,'2023-05-03'),(14,'2023-05-03'),(15,'2023-05-03'),(16,'2023-05-03'),(17,'2023-05-03'),(18,'2023-05-03'),(19,'2023-05-03'),(20,'2023-05-03'),(21,'2023-05-03'),(22,'2023-05-04'),(23,'2023-05-04'),(24,'2023-05-04'),(26,'2023-05-05'),(27,'2023-05-05'),(28,'2023-05-05'),(29,'2023-05-05'),(30,'2023-05-05'),(31,'2023-05-05'),(32,'2023-05-05'),(33,'2023-05-05'),(34,'2023-05-06'),(35,'2023-05-06'),(36,'2023-05-06'),(37,'2023-05-06'),(38,'2023-05-06'),(39,'2023-05-06'),(40,'2023-05-07'),(41,'2023-05-07'),(42,'2023-05-07'),(43,'2023-05-07'),(44,'2023-05-07'),(45,'2023-05-07'),(46,'2023-05-07'),(47,'2023-05-07'),(48,'2023-05-07'),(49,'2023-05-07'),(50,'2023-05-08'),(51,'2023-05-08'),(52,'2023-05-09'),(53,'2023-05-09'),(54,'2023-05-09'),(55,'2023-05-09'),(56,'2023-05-09'),(57,'2023-05-09'),(58,'2023-05-09'),(59,'2023-05-09'),(60,'2023-05-09'),(61,'2023-05-09'),(62,'2023-05-09'),(63,'2023-05-09'),(64,'2023-05-10'),(65,'2023-05-10'),(66,'2023-05-10'),(67,'2023-05-10'),(68,'2023-05-10'),(69,'2023-05-10'),(70,'2023-05-10'),(71,'2023-05-10'),(72,'2023-05-11'),(73,'2023-05-11'),(74,'2023-05-11'),(75,'2023-05-11'),(76,'2023-05-11'),(77,'2023-05-11'),(78,'2023-05-12'),(79,'2023-05-12'),(80,'2023-05-12'),(81,'2023-05-12'),(82,'2023-05-13'),(83,'2023-05-13'),(84,'2023-05-13'),(85,'2023-05-13'),(86,'2023-05-13'),(87,'2023-05-13'),(88,'2023-05-13'),(89,'2023-05-13'),(90,'2023-05-13'),(91,'2023-05-13'),(92,'2023-05-13'),(93,'2023-05-13'),(94,'2023-05-13'),(95,'2023-05-13'),(96,'2023-05-13'),(97,'2023-05-13'),(98,'2023-05-14'),(99,'2023-05-14'),(100,'2023-05-14'),(101,'2023-05-14'),(102,'2023-05-14'),(103,'2023-05-14'),(104,'2023-05-14'),(105,'2023-05-14'),(106,'2023-05-14'),(107,'2023-05-14'),(108,'2023-05-14'),(109,'2023-05-14'),(110,'2023-05-15'),(111,'2023-05-16'),(112,'2023-05-16'),(113,'2023-05-16'),(114,'2023-05-16'),(115,'2023-05-16'),(116,'2023-05-16'),(117,'2023-05-16'),(118,'2023-05-17'),(119,'2023-05-17'),(120,'2023-05-17'),(121,'2023-05-18'),(122,'2023-05-18'),(123,'2023-05-18'),(124,'2023-05-19'),(125,'2023-05-19'),(126,'2023-05-19'),(127,'2023-05-19'),(128,'2023-05-19'),(129,'2023-05-19'),(130,'2023-05-19'),(131,'2023-05-20'),(132,'2023-05-20'),(133,'2023-05-20'),(134,'2023-05-20'),(135,'2023-05-20'),(136,'2023-05-20'),(137,'2023-05-20'),(138,'2023-05-20'),(139,'2023-05-20'),(140,'2023-05-20'),(141,'2023-05-20'),(142,'2023-05-20'),(143,'2023-05-20'),(144,'2023-05-20'),(145,'2023-05-21'),(146,'2023-05-21'),(147,'2023-05-21'),(148,'2023-05-21'),(149,'2023-05-21'),(150,'2023-05-21'),(151,'2023-05-22'),(152,'2023-05-22'),(153,'2023-05-22'),(154,'2023-05-22'),(155,'2023-05-22'),(156,'2023-05-22'),(157,'2023-05-22'),(158,'2023-05-22'),(159,'2023-05-23'),(160,'2023-05-23'),(161,'2023-05-23'),(162,'2023-05-23'),(163,'2023-05-23'),(164,'2023-05-23'),(165,'2023-05-23'),(166,'2023-05-23'),(167,'2023-05-23'),(168,'2023-05-23'),(169,'2023-05-23'),(170,'2023-05-23'),(171,'2023-05-23'),(172,'2023-05-23'),(173,'2023-05-23'),(174,'2023-05-23'),(175,'2023-05-23'),(176,'2023-05-23'),(177,'2023-05-24'),(178,'2023-05-24'),(179,'2023-05-24'),(180,'2023-05-24'),(181,'2023-05-24'),(182,'2023-05-24'),(183,'2023-05-24'),(184,'2023-05-24'),(185,'2023-05-24'),(186,'2023-05-24'),(187,'2023-05-24'),(188,'2023-05-24'),(189,'2023-05-24'),(190,'2023-05-24'),(191,'2023-05-24'),(192,'2023-05-24'),(193,'2023-05-24'),(194,'2023-05-25'),(195,'2023-05-25'),(196,'2023-05-25'),(197,'2023-05-25'),(198,'2023-05-25'),(199,'2023-05-25'),(200,'2023-05-25'),(201,'2023-05-25'),(202,'2023-05-25'),(203,'2023-05-25'),(204,'2023-05-26'),(205,'2023-05-26'),(206,'2023-05-26'),(207,'2023-05-27'),(208,'2023-05-27'),(209,'2023-05-27'),(210,'2023-05-27'),(211,'2023-05-27'),(212,'2023-05-27'),(213,'2023-05-27'),(214,'2023-05-27'),(215,'2023-05-27'),(216,'2023-05-27'),(217,'2023-05-27'),(218,'2023-05-27'),(219,'2023-05-28'),(220,'2023-05-28'),(221,'2023-05-28'),(222,'2023-05-28'),(223,'2023-05-28'),(224,'2023-05-28'),(225,'2023-05-28'),(226,'2023-05-28'),(227,'2023-05-28'),(228,'2023-05-28'),(229,'2023-05-28'),(230,'2023-05-28'),(231,'2023-05-28'),(232,'2023-05-29'),(233,'2023-05-29'),(234,'2023-05-29'),(235,'2023-05-29'),(236,'2023-05-29'),(237,'2023-05-29'),(238,'2023-05-29'),(239,'2023-05-29'),(240,'2023-05-29'),(241,'2023-05-29'),(242,'2023-05-29'),(243,'2023-05-29'),(244,'2023-05-29'),(245,'2023-05-29'),(246,'2023-05-29'),(247,'2023-05-30'),(248,'2023-05-30'),(249,'2023-05-30'),(250,'2023-05-30');
/*!40000 ALTER TABLE `member` ENABLE KEYS */;
UNLOCK TABLES;

--
-- Table structure for table `rent_history`
--

DROP TABLE IF EXISTS `rent_history`;
/*!40101 SET @saved_cs_client     = @@character_set_client */;
/*!40101 SET character_set_client = utf8 */;
CREATE TABLE `rent_history` (
  `usage_id` int(11) NOT NULL,
  `rent_datetime` datetime DEFAULT NULL,
  `day` varchar(10) DEFAULT NULL,
  `rent_station_id` int(11) DEFAULT NULL,
  PRIMARY KEY (`usage_id`),
  KEY `rent_station_id` (`rent_station_id`),
  CONSTRAINT `rent_history_ibfk_1` FOREIGN KEY (`rent_station_id`) REFERENCES `station` (`station_id`) ON DELETE CASCADE
) ENGINE=InnoDB DEFAULT CHARSET=utf8mb4 COLLATE=utf8mb4_unicode_ci;
/*!40101 SET character_set_client = @saved_cs_client */;

--
-- Dumping data for table `rent_history`
--

LOCK TABLES `rent_history` WRITE;
/*!40000 ALTER TABLE `rent_history` DISABLE KEYS */;
INSERT INTO `rent_history` VALUES (1,'2023-06-03 08:15:00','Saturday',1858),(2,'2023-06-10 12:37:00','Saturday',4564),(3,'2023-06-18 15:45:00','Sunday',184),(4,'2023-06-01 07:00:00','Thursday',1206),(5,'2023-06-08 14:45:00','Thursday',907),(6,'2023-06-12 17:30:00','Monday',2284),(7,'2023-06-19 08:00:00','Monday',380),(8,'2023-06-20 12:15:00','Tuesday',405),(9,'2023-06-06 10:30:00','Tuesday',412),(10,'2023-06-22 16:49:00','Thursday',417),(11,'2023-06-13 07:15:00','Tuesday',4685),(12,'2023-06-15 01:30:00','Thursday',415),(13,'2023-06-27 11:45:00','Tuesday',425),(14,'2023-06-25 15:00:00','Sunday',170),(15,'2023-06-11 08:15:00','Sunday',411),(16,'2023-06-05 18:30:00','Wednesday',1352),(17,'2023-06-29 15:45:00','Thursday',1749),(18,'2023-06-02 11:00:00','Friday',3104),(19,'2023-06-17 07:11:00','Saturday',4884),(20,'2023-06-23 10:30:00','Friday',2165),(21,'2023-06-24 16:45:00','Saturday',4214),(22,'2023-06-28 12:15:00','Wednesday',2510),(23,'2023-06-14 08:00:00','Wednesday',2365),(24,'2023-06-16 15:30:00','Friday',637),(25,'2023-06-21 17:45:00','Wednesday',1182),(26,'2023-06-04 09:30:00','Sunday',206),(27,'2023-06-07 13:45:00','Wednesday',700),(28,'2023-06-09 14:07:00','Friday',1183),(29,'2023-06-30 08:45:00','Friday',850),(30,'2023-06-26 07:30:00','Monday',321),(31,'2023-06-02 16:00:00','Friday',1372),(32,'2023-06-17 12:45:00','Saturday',4797),(33,'2023-06-03 17:15:00','Saturday',4589),(34,'2023-06-08 11:30:00','Thursday',4590),(35,'2023-06-14 18:00:00','Wednesday',1637),(36,'2023-06-23 15:15:00','Friday',4367),(37,'2023-06-15 09:00:00','Thursday',2137),(38,'2023-06-28 07:45:00','Wednesday',3683),(39,'2023-06-12 13:00:00','Monday',3812),(40,'2023-06-21 09:15:00','Wednesday',2369),(41,'2023-06-11 15:48:00','Sunday',213),(42,'2023-06-06 18:00:00','Tuesday',356),(43,'2023-06-16 11:30:00','Friday',408),(44,'2023-06-20 16:13:00','Tuesday',1198),(45,'2023-06-29 08:32:00','Thursday',5089),(46,'2023-06-01 10:45:00','Thursday',2506),(47,'2023-06-04 15:15:00','Sunday',1809),(48,'2023-06-07 08:32:00','Wednesday',3642),(49,'2023-06-09 18:45:00','Friday',2285),(50,'2023-06-13 11:00:00','Tuesday',1011),(51,'2023-06-16 16:45:00','Friday',815),(52,'2023-06-18 13:15:00','Sunday',2305),(53,'2023-06-21 14:34:00','Wednesday',217),(54,'2023-06-25 11:38:00','Sunday',723),(55,'2023-06-26 17:00:00','Monday',4908),(56,'2023-06-02 17:26:00','Friday',4329),(57,'2023-06-03 15:55:00','Saturday',435),(58,'2023-06-06 12:45:00','Tuesday',368),(59,'2023-06-10 15:05:00','Saturday',2293),(60,'2023-06-12 07:30:00','Monday',1073),(61,'2023-06-14 16:00:00','Wednesday',1835),(62,'2023-06-17 10:15:00','Saturday',5857),(63,'2023-06-20 10:00:00','Tuesday',4885),(64,'2023-06-22 13:30:00','Thursday',4468),(65,'2023-06-24 09:45:00','Saturday',4458),(66,'2023-06-27 16:30:00','Tuesday',2614),(67,'2023-06-29 11:13:00','Thursday',4867),(68,'2023-06-05 14:45:00','Monday',1258),(69,'2023-06-08 07:00:00','Thursday',2617),(70,'2023-06-11 13:00:00','Sunday',4480),(71,'2023-06-15 07:43:00','Thursday',4854),(72,'2023-06-19 17:30:00','Monday',1201),(73,'2023-06-23 07:50:00','Friday',1257),(74,'2023-06-28 15:45:00','Wednesday',4860),(75,'2023-06-30 14:15:00','Friday',4462),(76,'2023-06-01 15:30:00','Thursday',4474),(77,'2023-06-03 10:45:00','Saturday',1962),(78,'2023-06-06 08:30:00','Tuesday',1841),(79,'2023-06-06 10:05:00','Friday',1851),(80,'2023-06-12 10:15:00','Monday',3984),(81,'2023-06-16 14:36:00','Friday',1854),(82,'2023-06-18 18:00:00','Sunday',1172),(83,'2023-06-21 11:00:00','Wednesday',3787),(84,'2023-06-25 17:42:00','Sunday',1121),(85,'2023-06-26 13:15:00','Monday',5080),(86,'2023-06-04 18:30:00','Sunday',5082),(87,'2023-06-07 10:04:00','Wednesday',1158),(88,'2023-06-10 17:30:00','Saturday',3775),(89,'2023-06-14 15:00:00','Wednesday',5086),(90,'2023-06-17 09:42:00','Saturday',1540),(91,'2023-06-21 17:58:00','Wednesday',166),(92,'2023-06-18 16:35:00','Sunday',179),(93,'2023-06-02 20:57:00','Friday',155),(94,'2023-06-04 06:05:00','Sunday',4210),(95,'2023-06-28 12:19:00','Wednesday',4541),(96,'2023-06-05 14:38:00','Thursday',4676),(97,'2023-06-16 11:11:00','Friday',1812),(98,'2023-06-15 10:23:00','Thursday',2363),(99,'2023-06-01 08:45:00','Thursday',4905),(100,'2023-06-30 07:30:00','Friday',1858);
/*!40000 ALTER TABLE `rent_history` ENABLE KEYS */;
UNLOCK TABLES;

--
-- Table structure for table `return_history`
--

DROP TABLE IF EXISTS `return_history`;
/*!40101 SET @saved_cs_client     = @@character_set_client */;
/*!40101 SET character_set_client = utf8 */;
CREATE TABLE `return_history` (
  `usage_id` int(11) NOT NULL,
  `return_datetime` datetime DEFAULT NULL,
  `day` varchar(10) DEFAULT NULL,
  `return_station_id` int(11) DEFAULT NULL,
  PRIMARY KEY (`usage_id`),
  KEY `return_station_id` (`return_station_id`),
  CONSTRAINT `return_history_ibfk_1` FOREIGN KEY (`return_station_id`) REFERENCES `station` (`station_id`) ON DELETE CASCADE,
  CONSTRAINT `return_history_ibfk_2` FOREIGN KEY (`usage_id`) REFERENCES `rent_history` (`usage_id`) ON DELETE CASCADE
) ENGINE=InnoDB DEFAULT CHARSET=utf8mb4 COLLATE=utf8mb4_unicode_ci;
/*!40101 SET character_set_client = @saved_cs_client */;

--
-- Dumping data for table `return_history`
--

LOCK TABLES `return_history` WRITE;
/*!40000 ALTER TABLE `return_history` DISABLE KEYS */;
INSERT INTO `return_history` VALUES (1,'2023-06-03 08:45:00','Saturday',155),(2,'2023-06-10 13:34:00','Saturday',4210),(3,'2023-06-18 16:03:00','Sunday',1372),(4,'2023-06-01 07:20:00','Thursday',4797),(5,'2023-06-08 15:55:00','Thursday',4589),(6,'2023-06-12 18:40:00','Monday',4590),(7,'2023-06-19 08:36:00','Monday',1637),(8,'2023-06-20 13:08:00','Tuesday',3812),(9,'2023-06-06 11:21:00','Tuesday',850),(10,'2023-06-22 17:42:00','Thursday',321),(11,'2023-06-13 07:49:00','Tuesday',2137),(12,'2023-06-15 01:59:00','Thursday',4367),(13,'2023-06-27 12:10:00','Tuesday',3683),(14,'2023-06-25 15:55:00','Sunday',1182),(15,'2023-06-11 08:25:00','Sunday',206),(16,'2023-06-05 19:10:00','Wednesday',700),(17,'2023-06-29 16:20:00','Thursday',1183),(18,'2023-06-02 11:14:00','Friday',1198),(19,'2023-06-17 07:37:00','Saturday',5089),(20,'2023-06-23 11:05:00','Friday',2506),(21,'2023-06-24 17:17:00','Saturday',2369),(22,'2023-06-28 12:33:00','Wednesday',213),(23,'2023-06-14 08:18:00','Wednesday',356),(24,'2023-06-16 16:06:00','Friday',408),(25,'2023-06-21 17:59:00','Wednesday',5857),(26,'2023-06-04 10:14:00','Sunday',1258),(27,'2023-06-07 14:28:00','Wednesday',1201),(28,'2023-06-09 14:19:00','Friday',1749),(29,'2023-06-30 09:34:00','Friday',3104),(30,'2023-06-26 08:41:00','Monday',4884),(31,'2023-06-02 16:22:00','Friday',2165),(32,'2023-06-17 13:25:00','Saturday',4214),(33,'2023-06-03 17:45:00','Saturday',2510),(34,'2023-06-08 11:43:00','Thursday',2365),(35,'2023-06-14 18:42:00','Wednesday',637),(36,'2023-06-23 15:50:00','Friday',723),(37,'2023-06-15 09:36:00','Thursday',4908),(38,'2023-06-28 07:57:00','Wednesday',4854),(39,'2023-06-12 13:15:00','Monday',2617),(40,'2023-06-21 09:46:00','Wednesday',4480),(41,'2023-06-11 16:12:00','Sunday',1809),(42,'2023-06-06 19:13:00','Tuesday',3642),(43,'2023-06-16 12:00:00','Friday',2285),(44,'2023-06-20 16:51:00','Tuesday',1011),(45,'2023-06-29 08:48:00','Thursday',815),(46,'2023-06-01 11:07:00','Thursday',2305),(47,'2023-06-04 15:51:00','Sunday',217),(48,'2023-06-07 08:40:00','Wednesday',1854),(49,'2023-06-09 19:02:00','Friday',1172),(50,'2023-06-13 11:16:00','Tuesday',4885),(51,'2023-06-16 17:05:00','Friday',4468),(52,'2023-06-18 13:41:00','Sunday',4458),(53,'2023-06-21 15:25:00','Wednesday',2614),(54,'2023-06-25 12:00:00','Sunday',4867),(55,'2023-06-26 17:05:00','Monday',3984),(56,'2023-06-02 17:52:00','Friday',417),(57,'2023-06-03 16:03:00','Saturday',4685),(58,'2023-06-06 13:55:00','Tuesday',1841),(59,'2023-06-10 15:43:00','Saturday',1851),(60,'2023-06-12 08:01:00','Monday',415),(61,'2023-06-14 16:15:00','Wednesday',425),(62,'2023-06-17 10:21:00','Saturday',170),(63,'2023-06-20 10:49:00','Tuesday',411),(64,'2023-06-22 13:38:00','Thursday',1352),(65,'2023-06-24 10:21:00','Saturday',3787),(66,'2023-06-27 17:08:00','Tuesday',1121),(67,'2023-06-29 11:16:00','Thursday',1206),(68,'2023-06-05 15:04:00','Monday',907),(69,'2023-06-08 07:56:00','Thursday',2284),(70,'2023-06-11 13:38:00','Sunday',380),(71,'2023-06-15 08:09:00','Thursday',405),(72,'2023-06-19 17:46:00','Monday',412),(73,'2023-06-23 07:59:00','Friday',1257),(74,'2023-06-28 16:10:00','Wednesday',4860),(75,'2023-06-30 14:27:00','Friday',4462),(76,'2023-06-01 15:54:00','Thursday',4329),(77,'2023-06-03 11:01:00','Saturday',435),(78,'2023-06-06 09:35:00','Tuesday',368),(79,'2023-06-06 10:38:00','Friday',2293),(80,'2023-06-12 10:33:00','Monday',1073),(81,'2023-06-16 15:02:00','Friday',1835),(82,'2023-06-18 18:21:00','Sunday',4474),(83,'2023-06-21 11:16:00','Wednesday',1962),(84,'2023-06-25 17:58:00','Sunday',1858),(85,'2023-06-26 13:35:00','Monday',4564),(86,'2023-06-04 19:09:00','Sunday',184),(87,'2023-06-07 10:56:00','Wednesday',5080),(88,'2023-06-10 17:51:00','Saturday',1858),(89,'2023-06-14 15:41:00','Wednesday',3775),(90,'2023-06-17 10:05:00','Saturday',1540),(91,'2023-06-21 18:19:00','Wednesday',166),(92,'2023-06-18 17:33:00','Sunday',179),(93,'2023-06-02 21:20:00','Friday',5082),(94,'2023-06-04 06:18:00','Sunday',1158),(95,'2023-06-28 12:45:00','Wednesday',4676),(96,'2023-06-05 15:21:00','Thursday',1812),(97,'2023-06-16 11:47:00','Friday',5086),(98,'2023-06-15 11:05:00','Thursday',4541),(99,'2023-06-01 09:03:00','Thursday',2363),(100,'2023-06-30 08:13:00','Friday',4905);
/*!40000 ALTER TABLE `return_history` ENABLE KEYS */;
UNLOCK TABLES;

--
-- Table structure for table `station`
--

DROP TABLE IF EXISTS `station`;
/*!40101 SET @saved_cs_client     = @@character_set_client */;
/*!40101 SET character_set_client = utf8 */;
CREATE TABLE `station` (
  `station_id` int(11) NOT NULL,
  `station_name` varchar(512) DEFAULT NULL,
  `address` varchar(512) DEFAULT NULL,
  `gu` varchar(10) DEFAULT NULL,
  PRIMARY KEY (`station_id`)
) ENGINE=InnoDB DEFAULT CHARSET=utf8mb4 COLLATE=utf8mb4_unicode_ci;
/*!40101 SET character_set_client = @saved_cs_client */;

--
-- Dumping data for table `station`
--

LOCK TABLES `station` WRITE;
/*!40000 ALTER TABLE `station` DISABLE KEYS */;
INSERT INTO `station` VALUES (155,'가좌역1 번출구 앞','서울특별시 마포구 성산동123-29','마포구'),(166,'가재울 초등학교','서울특별시 서대문구 연희동 530','서대문구'),(170,'DMC파크뷰자이아파트 302동 앞','서울특별시 서대문구 남가좌동 124','서대문구'),(179,'가좌역 4번출구 앞','서울특별시 서대문구 남가좌동 293-3','서대문구'),(184,'7번가피자 서교망원점','서울특별시 마포구 월드컵로 119','마포구'),(206,'KBS 앞','서울특별시 영등포구 여의공원로 13','영등포구'),(213,'KT앞','서울특별시 영등포구 여의대로 38','영등포구'),(217,'NH농협은행 앞','서울특별시 영등포구 국제금융로8길 2','영등포구'),(321,'KEB 하나금융그룹 명동사옥 옆','서울특별시 중구 을지로 66 한국외환은행 본점 앞','중구'),(356,'KT혜화지사 앞','서울특별시 종로구 대학로 65 KT혜화지사 앞','종로구'),(368,'SK 서린빌딩 앞','서울특별시 종로구 서린동 93-2 SK 서린빌딩 앞','종로구'),(380,'CJ제일제당 앞','서울특별시 중구 동호로 330 CJ제일제당 앞','중구'),(405,'DMC빌 앞','서울특별시 마포구 월드컵북로60길 13','마포구'),(408,'LG CNS앞','서울특별시 마포구 월드컵북로 424','마포구'),(411,'DMC홍보관','서울특별시 마포구 월드컵북로 366','마포구'),(412,'DMC산학협력연구센터 앞','서울특별시 마포구 매봉산로 37','마포구'),(415,'DMC역 9번출구 앞','서울특별시 마포구 성암로 지하184','마포구'),(417,'DMC역 2번출구 옆','서울특별시 은평구 수색로 지하175','마포구'),(425,'DMC첨단산업센터','서울특별시 마포구 성암로330','마포구'),(435,'SK 남산빌딩','서울특별시 중구 퇴계로 33 SK 남산빌딩','중구'),(637,'KAIST 경영대학 앞','서울특별시 동대문구 회기로 85 KAIST 경영대학 앞','동대문구'),(700,'KB국민은행 염창역 지점 앞','서울특별시 양천구 목동 559','양천구'),(723,'SBS방송국','서울특별시 양천구 목동서로161','양천구'),(815,'LIG강촌아파트 103동앞','서울특별시 용산구 이촌동301-5 LIG강촌아파트 103동앞','용산구'),(850,'KCC용산월츠타워','서울특별시 용산구 백범로90길 34 구두수선대','용산구'),(907,'CJ 드림시티','서울특별시 은평구 역촌동 43-11 CJ 드림시티','은평구'),(1011,'LIGA 아파트 앞','서울특별시 강동구 천호대로 1120','강동구'),(1073,'SSTS 몰 앞','양재대로 1517','강동구'),(1121,'가양레포츠센터 앞','서울특별시 강서구 양천로61길 101','강서구'),(1158,'가양역 8번출구','서울특별시 강서구 양천로 지하 485','강서구'),(1172,'가양3동 주민센터','강서구 허준로 202','강서구'),(1182,'KBS 스포츠월드','강서구 공항대로 376','강서구'),(1183,'KC 대학교','강서구 까치산로 24길 47','강서구'),(1198,'LG 사이언스파크','강서구 마곡동 727-925','강서구'),(1201,'가락시장역 3번 출구','서울특별시 송파구 송파대로 지하 257','송파구'),(1206,'9호선종합운동장역 9번출구','서울특별시 송파구 올림픽로 지하 23','송파구'),(1257,'가락시장역 사거리','서울특별시 송파구 가락동 214-15','송파구'),(1258,'가락미륭아파트 앞','서울특별시 서울 송파구 가락동 195-4','송파구'),(1352,'e 편한세상 보문아파트 내','서울특별시 성북구 낙산길 255 e 편한세상 보문아파트 내','성북구'),(1372,'KEB은행 고대점','서울특별시 성북구 인촌로 113 KEB은행 고대점','성북구'),(1540,'가오리역','서울특별시 강북구 삼양로 426 가오리역','강북구'),(1637,'KT 전화국 버스정류장 옆','서울특별시 노원구 노해로 489 노원구 상계동 719-1','노원구'),(1749,'ESA아파트 상가 앞','서울특별시 도봉구 도봉로150길 43 ESA 아파트','도봉구'),(1809,'LG전자 별관동(호서대 벤처타워 맞은편)','서울특별시 금천구 가산디지털1로 63','금천구'),(1812,'갑을그레이트밸리 앞','서울특별시 금천구 디지털로9길 32','금천구'),(1835,'STX V타워','서울특별시 금천구 가산디지털1로 128','금천구'),(1841,'가산동 주민센터','서울특별시 가산동 144-3','금천구'),(1851,'가산디지털단지 7번출구','서울특별시 금천구 벚꽃로 309','금천구'),(1854,'가산아네스트 오피스텔 앞','금천구 남부순환로1314(가산동)','금천구'),(1858,'500번·507번 버스 종점 앞','금천구 시흥동 1001-34','금천구'),(1962,'가리봉동주민센터','서울특별시 구로구 디지털로26길 5','구로구'),(2137,'KT&G 관악지점','서울특별시 관악구 남부순환로 1675','관악구'),(2165,'JK장평타워','서울특별시 관악구 남부순환로 1943','관악구'),(2284,'CJ오쇼핑앞','서울특별시 서초구 과천대로 870-13','서초구'),(2285,'LH서초3단지 301동 맞은편','서울특별시 서초구 양재대로2길 33','서초구'),(2293,'SPC 앞','서울특별시 서초구 남부순환로 2620','서초구'),(2305,'MCM 본사 직영점 앞','서울특별시 강남구 언주로 734','강남구'),(2363,'강남 을지병원 교차로','서울특별시 강남구 도산대로 172','강남구'),(2365,'K+ 타워 앞','서울특별시 강남구 도산대로 333','강남구'),(2369,'KT선릉타워','서울특별시 강남구 대치동 1011','강남구'),(2506,'LG유플러스 (방배사옥)','방배동 980-53','서초구'),(2510,'JW타워','서초구 서초동 1748-45','서초구'),(2614,'가락고등학교 앞','서울 송파구 송이로 42','송파구'),(2617,'가락삼환아파트 앞','송파구 가락동 165-2','송파구'),(3104,'e편한세상 신촌4단지 앞','북아현동 251-71','서대문구'),(3642,'LH강남힐스테이트아파트','자곡로3길 21','강남구'),(3683,'KT&G강동지사','양재대로 1544','강동구'),(3775,'가양오토갤러리','강서로74길58','강서구'),(3787,'가양나들목','강서구 가양동 1456-6','강서구'),(3812,'KT관악지점','남부순환로1774','관악구'),(3984,'가산롯데아이티캐슬','금천구 가산디지털2로 98','금천구'),(4210,'가좌행복주택 앞','마포구 중동 275','마포구'),(4214,'JTBC 앞','마포구 상암산로 38','마포구'),(4329,'SC제일은행 양재동지점 앞','강남대로 251 해동빌딩앞','서초구'),(4367,'kt 행당빌딩 앞','서울특별시 성동구 성동구 고산자로 212','성동구'),(4458,'가락2동주민센터 인근','중대로191','송파구'),(4462,'가락중학교 앞','송파동166-2','송파구'),(4468,'가락1동주민센터','양재대로 925','송파구'),(4474,'가락현대 1차 11동 앞','문정동 3','송파구'),(4480,'가락시장 남1문 사거리','중대로70-2','송파구'),(4541,'갈산문화예술센터','신정동 330-12','양천구'),(4564,'63스퀘어','영등포구 여의도동 6','영등포구'),(4589,'KRX한국거래소(1)','영등포구 여의나루로 76','영등포구'),(4590,'KRX한국거래소(2)','영등포구 여의나루로 76','영등포구'),(4676,'갈현1동 주민센터','은평구 갈현로 301','은평구'),(4685,'DMC역 5번 출구(수색역 방향)','은평구 수색로 194','은평구'),(4797,'KG타워 앞','서울특별시 중구 통일로 92 케이지타워','중구'),(4854,'가락시장역 2번 출구','가락동 184-23','송파구'),(4860,'가락쌍용2차아파트 103동','가락동22-7','송파구'),(4867,'가락대림아파트 앞','송파구 가락동 94-9','송파구'),(4884,'H비즈니스파크','송파구 문정동 373','송파구'),(4885,'가든파이브 리빙관','송파구 문정동 634','송파구'),(4905,'강남경찰서','강남구 대치동 998','강남구'),(4908,'SB타워 앞','강남구 도산대로 318','강남구'),(5080,'가양역 1번출구','양천로57길 10-20','강서구'),(5082,'가양역 7번출구','화곡로 416','강서구'),(5086,'가양테크노타운','가양동1484-5','강서구'),(5089,'LG사이언스파크 E10동','마곡동 788-5','강서구'),(5857,'U레지던스 앞','영등포로 383','영등포구');
/*!40000 ALTER TABLE `station` ENABLE KEYS */;
UNLOCK TABLES;

--
-- Table structure for table `ticket`
--

DROP TABLE IF EXISTS `ticket`;
/*!40101 SET @saved_cs_client     = @@character_set_client */;
/*!40101 SET character_set_client = utf8 */;
CREATE TABLE `ticket` (
  `usage_id` int(11) NOT NULL,
  `ticket_type` varchar(3) DEFAULT NULL,
  `number_uses` int(11) DEFAULT NULL,
  PRIMARY KEY (`usage_id`),
  CONSTRAINT `ticket_ibfk_1` FOREIGN KEY (`usage_id`) REFERENCES `rent_history` (`usage_id`) ON DELETE CASCADE
) ENGINE=InnoDB DEFAULT CHARSET=utf8mb4 COLLATE=utf8mb4_unicode_ci;
/*!40101 SET character_set_client = @saved_cs_client */;

--
-- Dumping data for table `ticket`
--

LOCK TABLES `ticket` WRITE;
/*!40000 ALTER TABLE `ticket` DISABLE KEYS */;
INSERT INTO `ticket` VALUES (1,'정기권',2),(2,'일일권',4),(3,'정기권',16),(4,'정기권',23),(5,'정기권',11),(6,'정기권',16),(7,'정기권',30),(8,'일일권',3),(9,'일일권',1),(10,'정기권',13),(11,'일일권',1),(12,'정기권',22),(13,'일일권',2),(14,'일일권',2),(15,'정기권',16),(16,'정기권',17),(17,'일일권',2),(18,'일일권',1),(19,'정기권',26),(20,'정기권',12),(21,'일일권',2),(22,'일일권',3),(23,'일일권',1),(24,'정기권',12),(25,'일일권',2),(26,'일일권',2),(27,'일일권',5),(28,'정기권',23),(29,'정기권',11),(30,'일일권',1),(31,'일일권',3),(32,'일일권',4),(33,'일일권',3),(34,'일일권',2),(35,'일일권',4),(36,'일일권',4),(37,'정기권',7),(38,'일일권',2),(39,'일일권',3),(40,'정기권',23),(41,'일일권',4),(42,'정기권',1),(43,'일일권',1),(44,'정기권',6),(45,'정기권',9),(46,'일일권',1),(47,'정기권',17),(48,'일일권',1),(49,'일일권',4),(50,'정기권',1),(51,'정기권',24),(52,'일일권',3),(53,'일일권',5),(54,'일일권',5),(55,'정기권',26),(56,'일일권',4),(57,'일일권',2),(58,'일일권',5),(59,'일일권',3),(60,'정기권',5),(61,'일일권',4),(62,'일일권',3),(63,'정기권',27),(64,'일일권',2),(65,'정기권',9),(66,'일일권',2),(67,'정기권',3),(68,'정기권',11),(69,'일일권',3),(70,'정기권',14),(71,'일일권',3),(72,'일일권',1),(73,'일일권',3),(74,'일일권',5),(75,'정기권',2),(76,'일일권',2),(77,'일일권',1),(78,'정기권',1),(79,'일일권',4),(80,'정기권',5),(81,'일일권',2),(82,'정기권',4),(83,'일일권',3),(84,'일일권',5),(85,'정기권',1),(86,'정기권',2),(87,'정기권',3),(88,'일일권',1),(89,'일일권',7),(90,'정기권',1),(91,'정기권',5),(92,'정기권',9),(93,'정기권',4),(94,'일일권',4),(95,'일일권',3),(96,'일일권',2),(97,'정기권',16),(98,'일일권',3),(99,'일일권',2),(100,'일일권',1);
/*!40000 ALTER TABLE `ticket` ENABLE KEYS */;
UNLOCK TABLES;

--
-- Table structure for table `usage_per_user`
--

DROP TABLE IF EXISTS `usage_per_user`;
/*!40101 SET @saved_cs_client     = @@character_set_client */;
/*!40101 SET character_set_client = utf8 */;
CREATE TABLE `usage_per_user` (
  `usage_id` int(11) NOT NULL,
  `user_id` int(11) DEFAULT NULL,
  PRIMARY KEY (`usage_id`),
  KEY `user_id` (`user_id`),
  CONSTRAINT `usage_per_user_ibfk_1` FOREIGN KEY (`usage_id`) REFERENCES `rent_history` (`usage_id`) ON DELETE CASCADE,
  CONSTRAINT `usage_per_user_ibfk_2` FOREIGN KEY (`user_id`) REFERENCES `user` (`user_id`) ON DELETE CASCADE
) ENGINE=InnoDB DEFAULT CHARSET=utf8mb4 COLLATE=utf8mb4_unicode_ci;
/*!40101 SET character_set_client = @saved_cs_client */;

--
-- Dumping data for table `usage_per_user`
--

LOCK TABLES `usage_per_user` WRITE;
/*!40000 ALTER TABLE `usage_per_user` DISABLE KEYS */;
INSERT INTO `usage_per_user` VALUES (35,2),(19,3),(12,7),(11,13),(5,14),(15,15),(94,16),(44,18),(55,24),(26,26),(40,26),(8,27),(34,28),(29,31),(66,34),(50,42),(79,50),(92,51),(24,52),(18,54),(71,55),(3,57),(68,58),(97,59),(28,61),(14,64),(70,68),(74,70),(49,71),(4,72),(60,75),(23,80),(37,80),(6,83),(76,98),(31,102),(63,103),(90,103),(75,107),(99,110),(17,111),(45,112),(9,113),(64,114),(7,115),(33,116),(43,117),(84,123),(10,131),(85,131),(47,132),(27,135),(73,137),(20,138),(54,143),(48,147),(96,149),(69,155),(21,157),(53,157),(93,162),(38,164),(78,165),(81,166),(46,168),(82,170),(67,177),(62,179),(95,183),(58,184),(89,185),(1,194),(22,196),(83,197),(72,204),(57,205),(86,206),(51,208),(91,210),(41,211),(39,212),(61,213),(13,215),(59,220),(52,221),(56,221),(30,228),(98,230),(2,231),(88,233),(16,234),(65,235),(36,236),(25,240),(42,242),(100,244),(87,246),(80,247),(77,248),(32,249);
/*!40000 ALTER TABLE `usage_per_user` ENABLE KEYS */;
UNLOCK TABLES;

--
-- Table structure for table `user`
--

DROP TABLE IF EXISTS `user`;
/*!40101 SET @saved_cs_client     = @@character_set_client */;
/*!40101 SET character_set_client = utf8 */;
CREATE TABLE `user` (
  `user_id` int(11) NOT NULL,
  `age_group` varchar(10) NOT NULL,
  `gender` varchar(10) NOT NULL,
  `nationality` varchar(10) NOT NULL,
  `cumulative_usage_amount` int(11) NOT NULL,
  PRIMARY KEY (`user_id`),
  KEY `user_index` (`user_id`)
) ENGINE=InnoDB DEFAULT CHARSET=utf8mb4 COLLATE=utf8mb4_unicode_ci;
/*!40101 SET character_set_client = @saved_cs_client */;

--
-- Dumping data for table `user`
--

LOCK TABLES `user` WRITE;
/*!40000 ALTER TABLE `user` DISABLE KEYS */;
INSERT INTO `user` VALUES (1,'30대','F','내국인',1000),(2,'30대','F','내국인',1000),(3,'30대','M','내국인',1000),(4,'50대','M','내국인',1000),(5,'60대','F','내국인',1000),(6,'60대','F','내국인',1000),(7,'60대','M','내국인',1000),(8,'60대','M','내국인',1000),(9,'70대이상','F','내국인',1000),(10,'70대이상','F','내국인',1000),(11,'70대이상','M','내국인',1000),(12,'70대이상','M','내국인',1000),(13,'10대','F','내국인',1000),(14,'30대','M','내국인',1000),(15,'30대','M','내국인',1000),(16,'40대','F','내국인',1000),(17,'40대','F','내국인',1000),(18,'40대','M','내국인',1000),(19,'40대','M','내국인',1000),(20,'50대','F','내국인',2000),(21,'50대','F','내국인',2000),(22,'50대','M','내국인',2000),(23,'60대','F','내국인',2000),(24,'60대','F','내국인',2000),(25,'40대','F','내국인',2000),(26,'40대','F','내국인',2000),(27,'40대','M','내국인',2000),(28,'40대','M','내국인',2000),(29,'50대','F','내국인',2000),(30,'50대','F','내국인',2000),(31,'50대','M','내국인',2000),(32,'10대','M','내국인',2000),(33,'60대','F','내국인',2000),(34,'10대','F','내국인',2000),(35,'20대','F','내국인',2000),(36,'20대','M','내국인',2000),(37,'50대','M','내국인',2000),(38,'10대','F','내국인',5000),(39,'60대','F','내국인',5000),(40,'50대','F','내국인',5000),(41,'50대','M','내국인',5000),(42,'50대','M','내국인',5000),(43,'60대','F','내국인',5000),(44,'10대','F','내국인',5000),(45,'60대','M','내국인',5000),(46,'60대','M','내국인',5000),(47,'70대이상','F','내국인',5000),(48,'10대','F','내국인',5000),(49,'10대','M','내국인',5000),(50,'10대','F','내국인',5000),(51,'10대','F','내국인',5000),(52,'20대','M','내국인',5000),(53,'30대','F','내국인',5000),(54,'60대','F','내국인',5000),(55,'30대','M','내국인',5000),(56,'30대','M','내국인',5000),(57,'20대','F','내국인',10000),(58,'20대','M','내국인',10000),(59,'40대','M','내국인',10000),(60,'50대','F','내국인',10000),(61,'20대','F','내국인',10000),(62,'10대','F','내국인',10000),(63,'70대이상','F','내국인',10000),(64,'30대','M','내국인',10000),(65,'40대','F','내국인',10000),(66,'10대','F','내국인',10000),(67,'10대','M','내국인',10000),(68,'10대','M','내국인',10000),(69,'50대','F','내국인',10000),(70,'20대','F','내국인',10000),(71,'20대','M','내국인',10000),(72,'30대','M','내국인',10000),(73,'10대','F','내국인',10000),(74,'40대','F','내국인',10000),(75,'40대','M','내국인',10000),(76,'40대','M','내국인',10000),(77,'50대','F','내국인',10000),(78,'60대','F','내국인',10000),(79,'20대','F','내국인',10000),(80,'60대','M','내국인',10000),(81,'60대','M','내국인',10000),(82,'40대','F','내국인',10000),(83,'40대','F','내국인',10000),(84,'40대','M','내국인',10000),(85,'40대','M','내국인',10000),(86,'50대','F','내국인',10000),(87,'50대','F','내국인',10000),(88,'50대','M','내국인',10000),(89,'20대','M','내국인',10000),(90,'60대','F','내국인',10000),(91,'10대','F','내국인',10000),(92,'10대','M','내국인',10000),(93,'60대','M','내국인',10000),(94,'20대','F','내국인',10000),(95,'20대','F','내국인',10000),(96,'20대','M','내국인',10000),(97,'20대','M','내국인',10000),(98,'30대','M','내국인',10000),(99,'30대','M','내국인',10000),(100,'40대','F','내국인',10000),(101,'40대','F','내국인',10000),(102,'40대','M','내국인',10000),(103,'40대','M','내국인',10000),(104,'20대','F','내국인',10000),(105,'50대','F','내국인',10000),(106,'50대','M','내국인',10000),(107,'50대','M','내국인',10000),(108,'60대','F','내국인',10000),(109,'60대','F','내국인',10000),(110,'70대이상','M','내국인',10000),(111,'10대','F','내국인',4000),(112,'10대','F','내국인',4000),(113,'10대','M','내국인',4000),(114,'10대','M','내국인',4000),(115,'20대','F','내국인',4000),(116,'20대','F','내국인',4000),(117,'20대','M','내국인',4000),(118,'70대이상','F','내국인',4000),(119,'70대이상','M','내국인',4000),(120,'70대이상','M','내국인',20000),(121,'10대','F','내국인',20000),(122,'10대','F','내국인',20000),(123,'10대','M','내국인',20000),(124,'10대','F','내국인',20000),(125,'20대','F','내국인',20000),(126,'20대','M','내국인',20000),(127,'10대','M','내국인',20000),(128,'70대이상','F','내국인',20000),(129,'20대','F','내국인',20000),(130,'20대','M','내국인',20000),(131,'10대','F','내국인',20000),(132,'10대','F','내국인',50000),(133,'30대','F','내국인',50000),(134,'30대','M','내국인',50000),(135,'30대','M','내국인',50000),(136,'40대','F','내국인',50000),(137,'10대','F','내국인',50000),(138,'10대','M','내국인',50000),(139,'40대','M','내국인',50000),(140,'50대','F','내국인',50000),(141,'20대','F','내국인',50000),(142,'20대','M','내국인',50000),(143,'50대','M','내국인',50000),(144,'60대','F','내국인',7000),(145,'20대','M','내국인',7000),(146,'20대','M','내국인',7000),(147,'30대','F','내국인',7000),(148,'30대','F','내국인',7000),(149,'30대','M','내국인',7000),(150,'30대','M','내국인',7000),(151,'20대','F','내국인',7000),(152,'60대','F','내국인',7000),(153,'60대','M','내국인',7000),(154,'60대','M','내국인',7000),(155,'70대이상','F','내국인',7000),(156,'20대','F','내국인',7000),(157,'20대','M','내국인',7000),(158,'70대이상','M','내국인',7000),(159,'10대','F','내국인',7000),(160,'10대','F','내국인',9000),(161,'10대','M','내국인',9000),(162,'10대','M','내국인',9000),(163,'20대','F','내국인',9000),(164,'20대','F','내국인',9000),(165,'20대','M','내국인',9000),(166,'20대','M','내국인',9000),(167,'30대','F','내국인',9000),(168,'30대','F','내국인',9000),(169,'30대','M','내국인',9000),(170,'30대','M','내국인',9000),(171,'40대','F','내국인',100000),(172,'20대','F','내국인',100000),(173,'20대','M','내국인',100000),(174,'40대','M','내국인',100000),(175,'10대','F','내국인',100000),(176,'10대','F','내국인',100000),(177,'30대','M','내국인',100000),(178,'30대','M','내국인',100000),(179,'40대','F','내국인',2000),(180,'40대','F','내국인',2000),(181,'40대','M','내국인',2000),(182,'40대','F','내국인',2000),(183,'50대','F','내국인',2000),(184,'50대','F','내국인',2000),(185,'50대','F','내국인',2000),(186,'50대','M','내국인',2000),(187,'60대','F','내국인',5000),(188,'60대','F','내국인',5000),(189,'60대','M','내국인',5000),(190,'60대','M','내국인',5000),(191,'70대이상','F','내국인',5000),(192,'70대이상','M','내국인',5000),(193,'20대','M','내국인',5000),(194,'20대','M','내국인',5000),(195,'30대','F','내국인',5000),(196,'30대','F','내국인',5000),(197,'30대','M','내국인',5000),(198,'30대','M','내국인',5000),(199,'40대','F','내국인',5000),(200,'40대','F','내국인',5000),(201,'20대','F','내국인',5000),(202,'10대','M','내국인',100000),(203,'70대이상','M','내국인',100000),(204,'10대','F','내국인',100000),(205,'10대','F','내국인',100000),(206,'10대','M','내국인',100000),(207,'10대','F','내국인',100000),(208,'10대','M','내국인',100000),(209,'10대','M','내국인',100000),(210,'20대','F','내국인',1000),(211,'20대','F','외국인',1000),(212,'20대','M','외국인',1000),(213,'20대','M','외국인',1000),(214,'30대','F','외국인',1000),(215,'30대','F','외국인',1000),(216,'30대','M','외국인',1000),(217,'30대','M','외국인',1000),(218,'40대','F','외국인',1000),(219,'40대','M','외국인',1000),(220,'50대','F','외국인',1000),(221,'10대','F','외국인',1000),(222,'10대','M','외국인',1000),(223,'50대','M','외국인',1000),(224,'60대','F','외국인',2000),(225,'60대','F','외국인',2000),(226,'60대','M','외국인',2000),(227,'60대','M','외국인',2000),(228,'30대','F','외국인',2000),(229,'70대이상','F','외국인',2000),(230,'70대이상','M','외국인',2000),(231,'70대이상','M','외국인',2000),(232,'10대','F','외국인',2000),(233,'10대','F','외국인',2000),(234,'10대','M','외국인',2000),(235,'10대','M','외국인',2000),(236,'20대','F','외국인',2000),(237,'20대','F','외국인',2000),(238,'20대','M','외국인',2000),(239,'20대','M','외국인',2000),(240,'30대','F','외국인',2000),(241,'30대','F','외국인',3000),(242,'30대','M','외국인',3000),(243,'30대','M','외국인',3000),(244,'40대','F','외국인',3000),(245,'40대','F','외국인',3000),(246,'40대','M','외국인',3000),(247,'20대','M','외국인',3000),(248,'50대','M','외국인',3000),(249,'70대이상','M','외국인',3000),(250,'70대이상','M','외국인',4000);
/*!40000 ALTER TABLE `user` ENABLE KEYS */;
UNLOCK TABLES;

--
-- Table structure for table `workout_usage`
--

DROP TABLE IF EXISTS `workout_usage`;
/*!40101 SET @saved_cs_client     = @@character_set_client */;
/*!40101 SET character_set_client = utf8 */;
CREATE TABLE `workout_usage` (
  `usage_id` int(11) NOT NULL,
  `dur_time` int(11) DEFAULT NULL,
  `exercise` double DEFAULT NULL,
  `moving_distance` double DEFAULT NULL,
  PRIMARY KEY (`usage_id`),
  CONSTRAINT `workout_usage_ibfk_1` FOREIGN KEY (`usage_id`) REFERENCES `rent_history` (`usage_id`) ON DELETE CASCADE
) ENGINE=InnoDB DEFAULT CHARSET=utf8mb4 COLLATE=utf8mb4_unicode_ci;
/*!40101 SET character_set_client = @saved_cs_client */;

--
-- Dumping data for table `workout_usage`
--

LOCK TABLES `workout_usage` WRITE;
/*!40000 ALTER TABLE `workout_usage` DISABLE KEYS */;
INSERT INTO `workout_usage` VALUES (1,6,27.32,1095.1),(2,7,24.09,1267.59),(3,7,25.2,1010),(4,5,14.45,663.47),(5,5,11.1,623.15),(6,3,9.14,461.48),(7,13,38.62,1434.06),(8,6,3.65,141.91),(9,21,46.02,1787.95),(10,9,44.79,1740),(11,7,27.41,1153.56),(12,3,21.88,850),(13,11,48.78,2369),(14,24,193.69,5095.07),(15,24,115,4840),(16,17,110.4,4100),(17,20,62.81,2796.34),(18,32,73.35,2757.81),(19,31,48.86,2056.23),(20,56,121.08,5880.03),(21,16,84.47,3950),(22,8,78.31,2060),(23,3,5.69,319.47),(24,19,52.16,2283.35),(25,9,2.33,978.9),(26,27,89.63,3481.96),(27,6,22.15,860.48),(28,8,32.15,1249.07),(29,7,36.07,1380),(30,44,139.86,7005.25),(31,4,31.69,909.48),(32,13,45.15,1932.65),(33,7,31.71,1232.02),(34,4,12.75,585.55),(35,12,73.55,2599.52),(36,36,56.05,4860.48),(37,9,40.01,1683.79),(38,14,29.45,1357.97),(39,3,40.25,1320),(40,30,108.32,5149.6),(41,62,36.59,1680),(42,46,169.67,7010),(43,8,45.74,1957.82),(44,25,83.04,3357.34),(45,59,243.03,11365.17),(46,8,40.93,1590),(47,53,85.99,3340.6),(48,8,25.23,1080),(49,6,36.63,1250),(50,8,44.9,1273.88),(51,18,54.14,2790),(52,6,17.7,687.79),(53,25,118.89,4619),(54,22,12.93,510),(55,23,97.55,3790),(56,6,11.33,520),(57,7,27.84,950),(58,18,74.91,2910.08),(59,4,10.87,610),(60,5,48.31,1220),(61,11,51.2,2229),(62,12,72.26,2570),(63,27,104.09,5326.74),(64,10,27.08,1243.49),(65,5,15.4,617.42),(66,15,39.48,1557.73),(67,7,26.79,1503.4),(68,77,275.46,9274.77),(69,13,64.15,1620),(70,27,112.76,4520),(71,9,65.34,2750),(72,2,23.17,900),(73,2,16.96,680),(74,8,20.5,1035.47),(75,9,36.57,1420.56),(76,2,10.26,540),(77,1,10.77,340),(78,34,195.88,3610),(79,96,369.63,12360),(80,65,113.22,5940),(81,119,75.93,2950),(82,13,49.84,2420),(83,1,0,0),(84,12,33.45,1408),(85,15,46.82,1819.07),(86,4,2.65,88.15),(87,10,42.66,1739.46),(88,19,60.55,2316.41),(89,20,168.47,4780),(90,25,106.2,4125.68),(91,6,37.07,1248),(92,40,96.53,3750),(93,4,21.34,980),(94,14,43.51,1765.45),(95,9,25.48,990),(96,7,32.25,1252.77),(97,15,4.77,2008.65),(98,10,27.06,1265.27),(99,2,9.27,360),(100,3,5.92,230.15);
/*!40000 ALTER TABLE `workout_usage` ENABLE KEYS */;
UNLOCK TABLES;
/*!40103 SET TIME_ZONE=@OLD_TIME_ZONE */;

/*!40101 SET SQL_MODE=@OLD_SQL_MODE */;
/*!40014 SET FOREIGN_KEY_CHECKS=@OLD_FOREIGN_KEY_CHECKS */;
/*!40014 SET UNIQUE_CHECKS=@OLD_UNIQUE_CHECKS */;
/*!40101 SET CHARACTER_SET_CLIENT=@OLD_CHARACTER_SET_CLIENT */;
/*!40101 SET CHARACTER_SET_RESULTS=@OLD_CHARACTER_SET_RESULTS */;
/*!40101 SET COLLATION_CONNECTION=@OLD_COLLATION_CONNECTION */;
/*!40111 SET SQL_NOTES=@OLD_SQL_NOTES */;

-- Dump completed on 2023-11-20 12:07:25
