CREATE TABLE STATION (
    station_id INT PRIMARY KEY,
    station_name VARCHAR(512),
    address VARCHAR(512),    gu VARCHAR(10)
);

INSERT INTO STATION (station_id, station_name, address, gu) VALUES ('1858', '500번·507번 버스 종점 앞', '금천구 시흥동 1001-34', '금천구');
INSERT INTO STATION (station_id, station_name, address, gu) VALUES ('4564', '63스퀘어', '영등포구 여의도동 6', '영등포구');
INSERT INTO STATION (station_id, station_name, address, gu) VALUES ('184', '7번가피자 서교망원점', '서울특별시 마포구 월드컵로 119', '마포구');
INSERT INTO STATION (station_id, station_name, address, gu) VALUES ('1206', '9호선종합운동장역 9번출구', '서울특별시 송파구 올림픽로 지하 23', '송파구');
INSERT INTO STATION (station_id, station_name, address, gu) VALUES ('907', 'CJ 드림시티', '서울특별시 은평구 역촌동 43-11 CJ 드림시티', '은평구');
INSERT INTO STATION (station_id, station_name, address, gu) VALUES ('2284', 'CJ오쇼핑앞', '서울특별시 서초구 과천대로 870-13', '서초구');
INSERT INTO STATION (station_id, station_name, address, gu) VALUES ('380', 'CJ제일제당 앞', '서울특별시 중구 동호로 330 CJ제일제당 앞', '중구');
INSERT INTO STATION (station_id, station_name, address, gu) VALUES ('405', 'DMC빌 앞', '서울특별시 마포구 월드컵북로60길 13', '마포구');
INSERT INTO STATION (station_id, station_name, address, gu) VALUES ('412', 'DMC산학협력연구센터 앞', '서울특별시 마포구 매봉산로 37', '마포구');
INSERT INTO STATION (station_id, station_name, address, gu) VALUES ('417', 'DMC역 2번출구 옆', '서울특별시 은평구 수색로 지하175', '마포구');
INSERT INTO STATION (station_id, station_name, address, gu) VALUES ('4685', 'DMC역 5번 출구(수색역 방향)', '은평구 수색로 194', '은평구');
INSERT INTO STATION (station_id, station_name, address, gu) VALUES ('415', 'DMC역 9번출구 앞', '서울특별시 마포구 성암로 지하184', '마포구');
INSERT INTO STATION (station_id, station_name, address, gu) VALUES ('425', 'DMC첨단산업센터', '서울특별시 마포구 성암로330', '마포구');
INSERT INTO STATION (station_id, station_name, address, gu) VALUES ('170', 'DMC파크뷰자이아파트 302동 앞', '서울특별시 서대문구 남가좌동 124', '서대문구');
INSERT INTO STATION (station_id, station_name, address, gu) VALUES ('411', 'DMC홍보관', '서울특별시 마포구 월드컵북로 366', '마포구');
INSERT INTO STATION (station_id, station_name, address, gu) VALUES ('1352', 'e 편한세상 보문아파트 내', '서울특별시 성북구 낙산길 255 e 편한세상 보문아파트 내', '성북구');
INSERT INTO STATION (station_id, station_name, address, gu) VALUES ('1749', 'ESA아파트 상가 앞', '서울특별시 도봉구 도봉로150길 43 ESA 아파트', '도봉구');
INSERT INTO STATION (station_id, station_name, address, gu) VALUES ('3104', 'e편한세상 신촌4단지 앞', '북아현동 251-71', '서대문구');
INSERT INTO STATION (station_id, station_name, address, gu) VALUES ('4884', 'H비즈니스파크', '송파구 문정동 373', '송파구');
INSERT INTO STATION (station_id, station_name, address, gu) VALUES ('2165', 'JK장평타워', '서울특별시 관악구 남부순환로 1943', '관악구');
INSERT INTO STATION (station_id, station_name, address, gu) VALUES ('4214', 'JTBC 앞', '마포구 상암산로 38', '마포구');
INSERT INTO STATION (station_id, station_name, address, gu) VALUES ('2510', 'JW타워', '서초구 서초동 1748-45', '서초구');
INSERT INTO STATION (station_id, station_name, address, gu) VALUES ('2365', 'K+ 타워 앞', '서울특별시 강남구 도산대로 333', '강남구');
INSERT INTO STATION (station_id, station_name, address, gu) VALUES ('637', 'KAIST 경영대학 앞', '서울특별시 동대문구 회기로 85 KAIST 경영대학 앞', '동대문구');
INSERT INTO STATION (station_id, station_name, address, gu) VALUES ('1182', 'KBS 스포츠월드', '강서구 공항대로 376', '강서구');
INSERT INTO STATION (station_id, station_name, address, gu) VALUES ('206', 'KBS 앞', '서울특별시 영등포구 여의공원로 13', '영등포구');
INSERT INTO STATION (station_id, station_name, address, gu) VALUES ('700', 'KB국민은행 염창역 지점 앞', '서울특별시 양천구 목동 559', '양천구');
INSERT INTO STATION (station_id, station_name, address, gu) VALUES ('1183', 'KC 대학교', '강서구 까치산로 24길 47', '강서구');
INSERT INTO STATION (station_id, station_name, address, gu) VALUES ('850', 'KCC용산월츠타워', '서울특별시 용산구 백범로90길 34 구두수선대', '용산구');
INSERT INTO STATION (station_id, station_name, address, gu) VALUES ('321', 'KEB 하나금융그룹 명동사옥 옆', '서울특별시 중구 을지로 66 한국외환은행 본점 앞', '중구');
INSERT INTO STATION (station_id, station_name, address, gu) VALUES ('1372', 'KEB은행 고대점', '서울특별시 성북구 인촌로 113 KEB은행 고대점', '성북구');
INSERT INTO STATION (station_id, station_name, address, gu) VALUES ('4797', 'KG타워 앞', '서울특별시 중구 통일로 92 케이지타워', '중구');
INSERT INTO STATION (station_id, station_name, address, gu) VALUES ('4589', 'KRX한국거래소(1)', '영등포구 여의나루로 76', '영등포구');
INSERT INTO STATION (station_id, station_name, address, gu) VALUES ('4590', 'KRX한국거래소(2)', '영등포구 여의나루로 76', '영등포구');
INSERT INTO STATION (station_id, station_name, address, gu) VALUES ('1637', 'KT 전화국 버스정류장 옆', '서울특별시 노원구 노해로 489 노원구 상계동 719-1', '노원구');
INSERT INTO STATION (station_id, station_name, address, gu) VALUES ('4367', 'kt 행당빌딩 앞', '서울특별시 성동구 성동구 고산자로 212', '성동구');
INSERT INTO STATION (station_id, station_name, address, gu) VALUES ('2137', 'KT&G 관악지점', '서울특별시 관악구 남부순환로 1675', '관악구');
INSERT INTO STATION (station_id, station_name, address, gu) VALUES ('3683', 'KT&G강동지사', '양재대로 1544', '강동구');
INSERT INTO STATION (station_id, station_name, address, gu) VALUES ('3812', 'KT관악지점', '남부순환로1774', '관악구');
INSERT INTO STATION (station_id, station_name, address, gu) VALUES ('2369', 'KT선릉타워', '서울특별시 강남구 대치동 1011', '강남구');
INSERT INTO STATION (station_id, station_name, address, gu) VALUES ('213', 'KT앞', '서울특별시 영등포구 여의대로 38', '영등포구');
INSERT INTO STATION (station_id, station_name, address, gu) VALUES ('356', 'KT혜화지사 앞', '서울특별시 종로구 대학로 65 KT혜화지사 앞', '종로구');
INSERT INTO STATION (station_id, station_name, address, gu) VALUES ('408', 'LG CNS앞', '서울특별시 마포구 월드컵북로 424', '마포구');
INSERT INTO STATION (station_id, station_name, address, gu) VALUES ('1198', 'LG 사이언스파크', '강서구 마곡동 727-925', '강서구');
INSERT INTO STATION (station_id, station_name, address, gu) VALUES ('5089', 'LG사이언스파크 E10동', '마곡동 788-5', '강서구');
INSERT INTO STATION (station_id, station_name, address, gu) VALUES ('2506', 'LG유플러스 (방배사옥)', '방배동 980-53', '서초구');
INSERT INTO STATION (station_id, station_name, address, gu) VALUES ('1809', 'LG전자 별관동(호서대 벤처타워 맞은편)', '서울특별시 금천구 가산디지털1로 63', '금천구');
INSERT INTO STATION (station_id, station_name, address, gu) VALUES ('3642', 'LH강남힐스테이트아파트', '자곡로3길 21', '강남구');
INSERT INTO STATION (station_id, station_name, address, gu) VALUES ('2285', 'LH서초3단지 301동 맞은편', '서울특별시 서초구 양재대로2길 33', '서초구');
INSERT INTO STATION (station_id, station_name, address, gu) VALUES ('1011', 'LIGA 아파트 앞', '서울특별시 강동구 천호대로 1120', '강동구');
INSERT INTO STATION (station_id, station_name, address, gu) VALUES ('815', 'LIG강촌아파트 103동앞', '서울특별시 용산구 이촌동301-5 LIG강촌아파트 103동앞', '용산구');
INSERT INTO STATION (station_id, station_name, address, gu) VALUES ('2305', 'MCM 본사 직영점 앞', '서울특별시 강남구 언주로 734', '강남구');
INSERT INTO STATION (station_id, station_name, address, gu) VALUES ('217', 'NH농협은행 앞', '서울특별시 영등포구 국제금융로8길 2', '영등포구');
INSERT INTO STATION (station_id, station_name, address, gu) VALUES ('723', 'SBS방송국', '서울특별시 양천구 목동서로161', '양천구');
INSERT INTO STATION (station_id, station_name, address, gu) VALUES ('4908', 'SB타워 앞', '강남구 도산대로 318', '강남구');
INSERT INTO STATION (station_id, station_name, address, gu) VALUES ('4329', 'SC제일은행 양재동지점 앞', '강남대로 251 해동빌딩앞', '서초구');
INSERT INTO STATION (station_id, station_name, address, gu) VALUES ('435', 'SK 남산빌딩', '서울특별시 중구 퇴계로 33 SK 남산빌딩', '중구');
INSERT INTO STATION (station_id, station_name, address, gu) VALUES ('368', 'SK 서린빌딩 앞', '서울특별시 종로구 서린동 93-2 SK 서린빌딩 앞', '종로구');
INSERT INTO STATION (station_id, station_name, address, gu) VALUES ('2293', 'SPC 앞', '서울특별시 서초구 남부순환로 2620', '서초구');
INSERT INTO STATION (station_id, station_name, address, gu) VALUES ('1073', 'SSTS 몰 앞', '양재대로 1517', '강동구');
INSERT INTO STATION (station_id, station_name, address, gu) VALUES ('1835', 'STX V타워', '서울특별시 금천구 가산디지털1로 128', '금천구');
INSERT INTO STATION (station_id, station_name, address, gu) VALUES ('5857', 'U레지던스 앞', '영등포로 383', '영등포구');
INSERT INTO STATION (station_id, station_name, address, gu) VALUES ('4885', '가든파이브 리빙관', '송파구 문정동 634', '송파구');
INSERT INTO STATION (station_id, station_name, address, gu) VALUES ('4468', '가락1동주민센터', '양재대로 925', '송파구');
INSERT INTO STATION (station_id, station_name, address, gu) VALUES ('4458', '가락2동주민센터 인근', '중대로191', '송파구');
INSERT INTO STATION (station_id, station_name, address, gu) VALUES ('2614', '가락고등학교 앞', '서울 송파구 송이로 42', '송파구');
INSERT INTO STATION (station_id, station_name, address, gu) VALUES ('4867', '가락대림아파트 앞', '송파구 가락동 94-9', '송파구');
INSERT INTO STATION (station_id, station_name, address, gu) VALUES ('1258', '가락미륭아파트 앞', '서울특별시 서울 송파구 가락동 195-4', '송파구');
INSERT INTO STATION (station_id, station_name, address, gu) VALUES ('2617', '가락삼환아파트 앞', '송파구 가락동 165-2', '송파구');
INSERT INTO STATION (station_id, station_name, address, gu) VALUES ('4480', '가락시장 남1문 사거리', '중대로70-2', '송파구');
INSERT INTO STATION (station_id, station_name, address, gu) VALUES ('4854', '가락시장역 2번 출구', '가락동 184-23', '송파구');
INSERT INTO STATION (station_id, station_name, address, gu) VALUES ('1201', '가락시장역 3번 출구', '서울특별시 송파구 송파대로 지하 257', '송파구');
INSERT INTO STATION (station_id, station_name, address, gu) VALUES ('1257', '가락시장역 사거리', '서울특별시 송파구 가락동 214-15', '송파구');
INSERT INTO STATION (station_id, station_name, address, gu) VALUES ('4860', '가락쌍용2차아파트 103동', '가락동22-7', '송파구');
INSERT INTO STATION (station_id, station_name, address, gu) VALUES ('4462', '가락중학교 앞', '송파동166-2', '송파구');
INSERT INTO STATION (station_id, station_name, address, gu) VALUES ('4474', '가락현대 1차 11동 앞', '문정동 3', '송파구');
INSERT INTO STATION (station_id, station_name, address, gu) VALUES ('1962', '가리봉동주민센터', '서울특별시 구로구 디지털로26길 5', '구로구');
INSERT INTO STATION (station_id, station_name, address, gu) VALUES ('1841', '가산동 주민센터', '서울특별시 가산동 144-3', '금천구');
INSERT INTO STATION (station_id, station_name, address, gu) VALUES ('1851', '가산디지털단지 7번출구', '서울특별시 금천구 벚꽃로 309', '금천구');
INSERT INTO STATION (station_id, station_name, address, gu) VALUES ('3984', '가산롯데아이티캐슬', '금천구 가산디지털2로 98', '금천구');
INSERT INTO STATION (station_id, station_name, address, gu) VALUES ('1854', '가산아네스트 오피스텔 앞', '금천구 남부순환로1314(가산동)', '금천구');
INSERT INTO STATION (station_id, station_name, address, gu) VALUES ('1172', '가양3동 주민센터', '강서구 허준로 202', '강서구');
INSERT INTO STATION (station_id, station_name, address, gu) VALUES ('3787', '가양나들목', '강서구 가양동 1456-6', '강서구');
INSERT INTO STATION (station_id, station_name, address, gu) VALUES ('1121', '가양레포츠센터 앞', '서울특별시 강서구 양천로61길 101', '강서구');
INSERT INTO STATION (station_id, station_name, address, gu) VALUES ('5080', '가양역 1번출구', '양천로57길 10-20', '강서구');
INSERT INTO STATION (station_id, station_name, address, gu) VALUES ('5082', '가양역 7번출구', '화곡로 416', '강서구');
INSERT INTO STATION (station_id, station_name, address, gu) VALUES ('1158', '가양역 8번출구', '서울특별시 강서구 양천로 지하 485', '강서구');
INSERT INTO STATION (station_id, station_name, address, gu) VALUES ('3775', '가양오토갤러리', '강서로74길58', '강서구');
INSERT INTO STATION (station_id, station_name, address, gu) VALUES ('5086', '가양테크노타운', '가양동1484-5', '강서구');
INSERT INTO STATION (station_id, station_name, address, gu) VALUES ('1540', '가오리역', '서울특별시 강북구 삼양로 426 가오리역', '강북구');
INSERT INTO STATION (station_id, station_name, address, gu) VALUES ('166', '가재울 초등학교', '서울특별시 서대문구 연희동 530', '서대문구');
INSERT INTO STATION (station_id, station_name, address, gu) VALUES ('179', '가좌역 4번출구 앞', '서울특별시 서대문구 남가좌동 293-3', '서대문구');
INSERT INTO STATION (station_id, station_name, address, gu) VALUES ('155', '가좌역1 번출구 앞', '서울특별시 마포구 성산동123-29', '마포구');
INSERT INTO STATION (station_id, station_name, address, gu) VALUES ('4210', '가좌행복주택 앞', '마포구 중동 275', '마포구');
INSERT INTO STATION (station_id, station_name, address, gu) VALUES ('4541', '갈산문화예술센터', '신정동 330-12', '양천구');
INSERT INTO STATION (station_id, station_name, address, gu) VALUES ('4676', '갈현1동 주민센터', '은평구 갈현로 301', '은평구');
INSERT INTO STATION (station_id, station_name, address, gu) VALUES ('1812', '갑을그레이트밸리 앞', '서울특별시 금천구 디지털로9길 32', '금천구');
INSERT INTO STATION (station_id, station_name, address, gu) VALUES ('2363', '강남 을지병원 교차로', '서울특별시 강남구 도산대로 172', '강남구');
INSERT INTO STATION (station_id, station_name, address, gu) VALUES ('4905', '강남경찰서', '강남구 대치동 998', '강남구');

CREATE TABLE BIKE_INFO_OF_STATION (
    station_id INT PRIMARY KEY,
    num_stand INT,
    FOREIGN KEY (station_id) REFERENCES STATION(station_id) ON DELETE CASCADE
);

INSERT INTO BIKE_INFO_OF_STATION (station_id, num_stand) VALUES ('1858', '10');
INSERT INTO BIKE_INFO_OF_STATION (station_id, num_stand) VALUES ('4564', '10');
INSERT INTO BIKE_INFO_OF_STATION (station_id, num_stand) VALUES ('184', '9');
INSERT INTO BIKE_INFO_OF_STATION (station_id, num_stand) VALUES ('1206', '20');
INSERT INTO BIKE_INFO_OF_STATION (station_id, num_stand) VALUES ('907', '10');
INSERT INTO BIKE_INFO_OF_STATION (station_id, num_stand) VALUES ('2284', '15');
INSERT INTO BIKE_INFO_OF_STATION (station_id, num_stand) VALUES ('380', '8');
INSERT INTO BIKE_INFO_OF_STATION (station_id, num_stand) VALUES ('405', '8');
INSERT INTO BIKE_INFO_OF_STATION (station_id, num_stand) VALUES ('412', '22');
INSERT INTO BIKE_INFO_OF_STATION (station_id, num_stand) VALUES ('417', '20');
INSERT INTO BIKE_INFO_OF_STATION (station_id, num_stand) VALUES ('4685', '25');
INSERT INTO BIKE_INFO_OF_STATION (station_id, num_stand) VALUES ('415', '20');
INSERT INTO BIKE_INFO_OF_STATION (station_id, num_stand) VALUES ('425', '10');
INSERT INTO BIKE_INFO_OF_STATION (station_id, num_stand) VALUES ('170', '10');
INSERT INTO BIKE_INFO_OF_STATION (station_id, num_stand) VALUES ('411', '10');
INSERT INTO BIKE_INFO_OF_STATION (station_id, num_stand) VALUES ('1352', '8');
INSERT INTO BIKE_INFO_OF_STATION (station_id, num_stand) VALUES ('1749', '10');
INSERT INTO BIKE_INFO_OF_STATION (station_id, num_stand) VALUES ('3104', '13');
INSERT INTO BIKE_INFO_OF_STATION (station_id, num_stand) VALUES ('4884', '16');
INSERT INTO BIKE_INFO_OF_STATION (station_id, num_stand) VALUES ('2165', '10');
INSERT INTO BIKE_INFO_OF_STATION (station_id, num_stand) VALUES ('4214', '10');
INSERT INTO BIKE_INFO_OF_STATION (station_id, num_stand) VALUES ('2510', '8');
INSERT INTO BIKE_INFO_OF_STATION (station_id, num_stand) VALUES ('2365', '15');
INSERT INTO BIKE_INFO_OF_STATION (station_id, num_stand) VALUES ('637', '10');
INSERT INTO BIKE_INFO_OF_STATION (station_id, num_stand) VALUES ('1182', '20');
INSERT INTO BIKE_INFO_OF_STATION (station_id, num_stand) VALUES ('206', '35');
INSERT INTO BIKE_INFO_OF_STATION (station_id, num_stand) VALUES ('700', '20');
INSERT INTO BIKE_INFO_OF_STATION (station_id, num_stand) VALUES ('1183', '10');
INSERT INTO BIKE_INFO_OF_STATION (station_id, num_stand) VALUES ('850', '15');
INSERT INTO BIKE_INFO_OF_STATION (station_id, num_stand) VALUES ('321', '15');
INSERT INTO BIKE_INFO_OF_STATION (station_id, num_stand) VALUES ('1372', '20');
INSERT INTO BIKE_INFO_OF_STATION (station_id, num_stand) VALUES ('4797', '13');
INSERT INTO BIKE_INFO_OF_STATION (station_id, num_stand) VALUES ('4589', '18');
INSERT INTO BIKE_INFO_OF_STATION (station_id, num_stand) VALUES ('4590', '20');
INSERT INTO BIKE_INFO_OF_STATION (station_id, num_stand) VALUES ('1637', '9');
INSERT INTO BIKE_INFO_OF_STATION (station_id, num_stand) VALUES ('4367', '5');
INSERT INTO BIKE_INFO_OF_STATION (station_id, num_stand) VALUES ('2137', '10');
INSERT INTO BIKE_INFO_OF_STATION (station_id, num_stand) VALUES ('3683', '10');
INSERT INTO BIKE_INFO_OF_STATION (station_id, num_stand) VALUES ('3812', '10');
INSERT INTO BIKE_INFO_OF_STATION (station_id, num_stand) VALUES ('2369', '20');
INSERT INTO BIKE_INFO_OF_STATION (station_id, num_stand) VALUES ('213', '19');
INSERT INTO BIKE_INFO_OF_STATION (station_id, num_stand) VALUES ('356', '30');
INSERT INTO BIKE_INFO_OF_STATION (station_id, num_stand) VALUES ('408', '28');
INSERT INTO BIKE_INFO_OF_STATION (station_id, num_stand) VALUES ('1198', '31');
INSERT INTO BIKE_INFO_OF_STATION (station_id, num_stand) VALUES ('5089', '20');
INSERT INTO BIKE_INFO_OF_STATION (station_id, num_stand) VALUES ('2506', '10');
INSERT INTO BIKE_INFO_OF_STATION (station_id, num_stand) VALUES ('1809', '10');
INSERT INTO BIKE_INFO_OF_STATION (station_id, num_stand) VALUES ('3642', '13');
INSERT INTO BIKE_INFO_OF_STATION (station_id, num_stand) VALUES ('2285', '10');
INSERT INTO BIKE_INFO_OF_STATION (station_id, num_stand) VALUES ('1011', '20');
INSERT INTO BIKE_INFO_OF_STATION (station_id, num_stand) VALUES ('815', '60');
INSERT INTO BIKE_INFO_OF_STATION (station_id, num_stand) VALUES ('2305', '6');
INSERT INTO BIKE_INFO_OF_STATION (station_id, num_stand) VALUES ('217', '15');
INSERT INTO BIKE_INFO_OF_STATION (station_id, num_stand) VALUES ('723', '15');
INSERT INTO BIKE_INFO_OF_STATION (station_id, num_stand) VALUES ('4908', '5');
INSERT INTO BIKE_INFO_OF_STATION (station_id, num_stand) VALUES ('4329', '8');
INSERT INTO BIKE_INFO_OF_STATION (station_id, num_stand) VALUES ('435', '10');
INSERT INTO BIKE_INFO_OF_STATION (station_id, num_stand) VALUES ('368', '15');
INSERT INTO BIKE_INFO_OF_STATION (station_id, num_stand) VALUES ('2293', '10');
INSERT INTO BIKE_INFO_OF_STATION (station_id, num_stand) VALUES ('1073', '7');
INSERT INTO BIKE_INFO_OF_STATION (station_id, num_stand) VALUES ('1835', '10');
INSERT INTO BIKE_INFO_OF_STATION (station_id, num_stand) VALUES ('5857', '15');
INSERT INTO BIKE_INFO_OF_STATION (station_id, num_stand) VALUES ('4885', '8');
INSERT INTO BIKE_INFO_OF_STATION (station_id, num_stand) VALUES ('4468', '15');
INSERT INTO BIKE_INFO_OF_STATION (station_id, num_stand) VALUES ('4458', '10');
INSERT INTO BIKE_INFO_OF_STATION (station_id, num_stand) VALUES ('2614', '15');
INSERT INTO BIKE_INFO_OF_STATION (station_id, num_stand) VALUES ('4867', '10');
INSERT INTO BIKE_INFO_OF_STATION (station_id, num_stand) VALUES ('1258', '10');
INSERT INTO BIKE_INFO_OF_STATION (station_id, num_stand) VALUES ('2617', '15');
INSERT INTO BIKE_INFO_OF_STATION (station_id, num_stand) VALUES ('4480', '10');
INSERT INTO BIKE_INFO_OF_STATION (station_id, num_stand) VALUES ('4854', '10');
INSERT INTO BIKE_INFO_OF_STATION (station_id, num_stand) VALUES ('1201', '15');
INSERT INTO BIKE_INFO_OF_STATION (station_id, num_stand) VALUES ('1257', '20');
INSERT INTO BIKE_INFO_OF_STATION (station_id, num_stand) VALUES ('4860', '7');
INSERT INTO BIKE_INFO_OF_STATION (station_id, num_stand) VALUES ('4462', '8');
INSERT INTO BIKE_INFO_OF_STATION (station_id, num_stand) VALUES ('4474', '10');
INSERT INTO BIKE_INFO_OF_STATION (station_id, num_stand) VALUES ('1962', '15');
INSERT INTO BIKE_INFO_OF_STATION (station_id, num_stand) VALUES ('1841', '12');
INSERT INTO BIKE_INFO_OF_STATION (station_id, num_stand) VALUES ('1851', '10');
INSERT INTO BIKE_INFO_OF_STATION (station_id, num_stand) VALUES ('3984', '5');
INSERT INTO BIKE_INFO_OF_STATION (station_id, num_stand) VALUES ('1854', '10');
INSERT INTO BIKE_INFO_OF_STATION (station_id, num_stand) VALUES ('1172', '8');
INSERT INTO BIKE_INFO_OF_STATION (station_id, num_stand) VALUES ('3787', '15');
INSERT INTO BIKE_INFO_OF_STATION (station_id, num_stand) VALUES ('1121', '15');
INSERT INTO BIKE_INFO_OF_STATION (station_id, num_stand) VALUES ('5080', '10');
INSERT INTO BIKE_INFO_OF_STATION (station_id, num_stand) VALUES ('5082', '9');
INSERT INTO BIKE_INFO_OF_STATION (station_id, num_stand) VALUES ('1158', '20');
INSERT INTO BIKE_INFO_OF_STATION (station_id, num_stand) VALUES ('3775', '10');
INSERT INTO BIKE_INFO_OF_STATION (station_id, num_stand) VALUES ('5086', '8');
INSERT INTO BIKE_INFO_OF_STATION (station_id, num_stand) VALUES ('1540', '8');
INSERT INTO BIKE_INFO_OF_STATION (station_id, num_stand) VALUES ('166', '20');
INSERT INTO BIKE_INFO_OF_STATION (station_id, num_stand) VALUES ('179', '28');
INSERT INTO BIKE_INFO_OF_STATION (station_id, num_stand) VALUES ('155', '15');
INSERT INTO BIKE_INFO_OF_STATION (station_id, num_stand) VALUES ('4210', '7');
INSERT INTO BIKE_INFO_OF_STATION (station_id, num_stand) VALUES ('4541', '9');
INSERT INTO BIKE_INFO_OF_STATION (station_id, num_stand) VALUES ('4676', '9');
INSERT INTO BIKE_INFO_OF_STATION (station_id, num_stand) VALUES ('1812', '10');
INSERT INTO BIKE_INFO_OF_STATION (station_id, num_stand) VALUES ('2363', '15');
INSERT INTO BIKE_INFO_OF_STATION (station_id, num_stand) VALUES ('4905', '10');

CREATE TABLE RENT_HISTORY (
    usage_id INT PRIMARY KEY,
    rent_datetime DATETIME,
    day VARCHAR(10),
    rent_station_id INT,
    FOREIGN KEY (rent_station_id) REFERENCES STATION(station_id) ON DELETE CASCADE
);

INSERT INTO `rent_history`(`usage_id`, `rent_datetime`, `day`, `rent_station_id`) VALUES
(1,'2023-06-03 8:15','Saturday',1858),
(2,'2023-06-10 12:37','Saturday',4564),
(3,'2023-06-18 15:45','Sunday',184),
(4,'2023-06-01 7:00','Thursday',1206),
(5,'2023-06-08 14:45','Thursday',907),
(6,'2023-06-12 17:30','Monday',2284),
(7,'2023-06-19 8:00','Monday',380),
(8,'2023-06-20 12:15','Tuesday',405),
(9,'2023-06-06 10:30','Tuesday',412),
(10,'2023-06-22 16:49','Thursday',417),
(11,'2023-06-13 7:15','Tuesday',4685),
(12,'2023-06-15 1:30','Thursday',415),
(13,'2023-06-27 11:45','Tuesday',425),
(14,'2023-06-25 15:00','Sunday',170),
(15,'2023-06-11 8:15','Sunday',411),
(16,'2023-06-05 18:30','Wednesday',1352),
(17,'2023-06-29 15:45','Thursday',1749),
(18,'2023-06-02 11:00','Friday',3104),
(19,'2023-06-17 7:11','Saturday',4884),
(20,'2023-06-23 10:30','Friday',2165),
(21,'2023-06-24 16:45','Saturday',4214),
(22,'2023-06-28 12:15','Wednesday',2510),
(23,'2023-06-14 8:00','Wednesday',2365),
(24,'2023-06-16 15:30','Friday',637),
(25,'2023-06-21 17:45','Wednesday',1182),
(26,'2023-06-04 9:30','Sunday',206),
(27,'2023-06-07 13:45','Wednesday',700),
(28,'2023-06-09 14:07','Friday',1183),
(29,'2023-06-30 8:45','Friday',850),
(30,'2023-06-26 7:30','Monday',321),
(31,'2023-06-02 16:00','Friday',1372),
(32,'2023-06-17 12:45','Saturday',4797),
(33,'2023-06-03 17:15','Saturday',4589),
(34,'2023-06-08 11:30','Thursday',4590),
(35,'2023-06-14 18:00','Wednesday',1637),
(36,'2023-06-23 15:15','Friday',4367),
(37,'2023-06-15 9:00','Thursday',2137),
(38,'2023-06-28 7:45','Wednesday',3683),
(39,'2023-06-12 13:00','Monday',3812),
(40,'2023-06-21 9:15','Wednesday',2369),
(41,'2023-06-11 15:48','Sunday',213),
(42,'2023-06-06 18:00','Tuesday',356),
(43,'2023-06-16 11:30','Friday',408),
(44,'2023-06-20 16:13','Tuesday',1198),
(45,'2023-06-29 8:32','Thursday',5089),
(46,'2023-06-01 10:45','Thursday',2506),
(47,'2023-06-04 15:15','Sunday',1809),
(48,'2023-06-07 8:32','Wednesday',3642),
(49,'2023-06-09 18:45','Friday',2285),
(50,'2023-06-13 11:00','Tuesday',1011),
(51,'2023-06-16 16:45','Friday',815),
(52,'2023-06-18 13:15','Sunday',2305),
(53,'2023-06-21 14:34','Wednesday',217),
(54,'2023-06-25 11:38','Sunday',723),
(55,'2023-06-26 17:00','Monday',4908),
(56,'2023-06-02 17:26','Friday',4329),
(57,'2023-06-03 15:55','Saturday',435),
(58,'2023-06-06 12:45','Tuesday',368),
(59,'2023-06-10 15:05','Saturday',2293),
(60,'2023-06-12 7:30','Monday','1073'),
(61,'2023-06-14 16:00','Wednesday',1835),
(62,'2023-06-17 10:15','Saturday','5857'),
(63,'2023-06-20 10:00','Tuesday',4885),
(64,'2023-06-22 13:30','Thursday',4468),
(65,'2023-06-24 9:45','Saturday',4458),
(66,'2023-06-27 16:30','Tuesday',2614),
(67,'2023-06-29 11:13','Thursday',4867),
(68,'2023-06-05 14:45','Monday',1258),
(69,'2023-06-08 7:00','Thursday',2617),
(70,'2023-06-11 13:00','Sunday',4480),
(71,'2023-06-15 7:43','Thursday',4854),
(72,'2023-06-19 17:30','Monday',1201),
(73,'2023-06-23 7:50','Friday',1257),
(74,'2023-06-28 15:45','Wednesday',4860),
(75,'2023-06-30 14:15','Friday',4462),
(76,'2023-06-01 15:30','Thursday',4474),
(77,'2023-06-03 10:45','Saturday',1962),
(78,'2023-06-06 8:30','Tuesday',1841),
(79,'2023-06-06 10:05','Friday',1851),
(80,'2023-06-12 10:15','Monday',3984),
(81,'2023-06-16 14:36','Friday',1854),
(82,'2023-06-18 18:00','Sunday',1172),
(83,'2023-06-21 11:00','Wednesday',3787),
(84,'2023-06-25 17:42','Sunday',1121),
(85,'2023-06-26 13:15','Monday',5080),
(86,'2023-06-04 18:30','Sunday',5082),
(87,'2023-06-07 10:04','Wednesday',1158),
(88,'2023-06-10 17:30','Saturday',3775),
(89,'2023-06-14 15:00','Wednesday',5086),
(90,'2023-06-17 9:42','Saturday',1540),
(91,'2023-06-21 17:58','Wednesday',166),
(92,'2023-06-18 16:35','Sunday',179),
(93,'2023-06-02 20:57','Friday',155),
(94,'2023-06-04 6:05','Sunday',4210),
(95,'2023-06-28 12:19','Wednesday',4541),
(96,'2023-06-05 14:38','Thursday',4676),
(97,'2023-06-16 11:11','Friday',1812),
(98,'2023-06-15 10:23','Thursday',2363),
(99,'2023-06-01 8:45','Thursday',4905),
(100,'2023-06-30 7:30','Friday',1858);

CREATE TABLE RETURN_HISTORY (
    usage_id INT PRIMARY KEY,
    return_datetime DATETIME,
    day VARCHAR(10),
    return_station_id INT,
    FOREIGN KEY (return_station_id) REFERENCES STATION(station_id) ON DELETE CASCADE, 
    FOREIGN KEY (usage_id) REFERENCES RENT_HISTORY(usage_id) ON DELETE CASCADE
);

INSERT INTO return_history(usage_id, return_datetime, day, return_station_id) VALUES
(1,'2023-06-03 8:45','Saturday',155),
(2,'2023-06-10 13:34','Saturday',4210),
(3,'2023-06-18 16:03','Sunday',1372),
(4,'2023-06-01 7:20','Thursday',4797),
(5,'2023-06-08 15:55','Thursday',4589),
(6,'2023-06-12 18:40','Monday',4590),
(7,'2023-06-19 8:36','Monday',1637),
(8,'2023-06-20 13:08','Tuesday',3812),
(9,'2023-06-06 11:21','Tuesday',850),
(10,'2023-06-22 17:42','Thursday',321),
(11,'2023-06-13 7:49','Tuesday',2137),
(12,'2023-06-15 01:59','Thursday',4367),
(13,'2023-06-27 12:10','Tuesday',3683),
(14,'2023-06-25 15:55','Sunday',1182),
(15,'2023-06-11 8:25','Sunday',206),
(16,'2023-06-05 19:10','Wednesday',700),
(17,'2023-06-29 16:20','Thursday',1183),
(18,'2023-06-02 11:14','Friday',1198),
(19,'2023-06-17 07:37','Saturday',5089),
(20,'2023-06-23 11:05','Friday',2506),
(21,'2023-06-24 17:17','Saturday',2369),
(22,'2023-06-28 12:33','Wednesday',213),
(23,'2023-06-14 8:18','Wednesday',356),
(24,'2023-06-16 16:06','Friday',408),
(25,'2023-06-21 17:59','Wednesday',5857),
(26,'2023-06-04 10:14','Sunday',1258),
(27,'2023-06-07 14:28','Wednesday',1201),
(28,'2023-06-09 14:19','Friday',1749),
(29,'2023-06-30 09:34','Friday',3104),
(30,'2023-06-26 8:41','Monday',4884),
(31,'2023-06-02 16:22','Friday',2165),
(32,'2023-06-17 13:25','Saturday',4214),
(33,'2023-06-03 17:45','Saturday',2510),
(34,'2023-06-08 11:43','Thursday',2365),
(35,'2023-06-14 18:42','Wednesday',637),
(36,'2023-06-23 15:50','Friday',723),
(37,'2023-06-15 09:36','Thursday',4908),
(38,'2023-06-28 7:57','Wednesday',4854),
(39,'2023-06-12 13:15','Monday',2617),
(40,'2023-06-21 09:46','Wednesday',4480),
(41,'2023-06-11 16:12','Sunday',1809),
(42,'2023-06-06 19:13','Tuesday',3642),
(43,'2023-06-16 12:00','Friday',2285),
(44,'2023-06-20 16:51','Tuesday',1011),
(45,'2023-06-29 08:48','Thursday',815),
(46,'2023-06-01 11:07','Thursday',2305),
(47,'2023-06-04 15:51','Sunday',217),
(48,'2023-06-07 08:40','Wednesday',1854),
(49,'2023-06-09 19:02','Friday',1172),
(50,'2023-06-13 11:16','Tuesday',4885),
(51,'2023-06-16 17:05','Friday',4468),
(52,'2023-06-18 13:41','Sunday',4458),
(53,'2023-06-21 15:25','Wednesday',2614),
(54,'2023-06-25 12:00','Sunday',4867),
(55,'2023-06-26 17:05','Monday',3984),
(56,'2023-06-02 17:52','Friday',417),
(57,'2023-06-03 16:03','Saturday',4685),
(58,'2023-06-06 13:55','Tuesday',1841),
(59,'2023-06-10 15:43','Saturday',1851),
(60,'2023-06-12 08:01','Monday',415),
(61,'2023-06-14 16:15','Wednesday',425),
(62,'2023-06-17 10:21','Saturday',170),
(63,'2023-06-20 10:49','Tuesday',411),
(64,'2023-06-22 13:38','Thursday',1352),
(65,'2023-06-24 10:21','Saturday',3787),
(66,'2023-06-27 17:08','Tuesday',1121),
(67,'2023-06-29 11:16','Thursday',1206),
(68,'2023-06-05 15:04','Monday',907),
(69,'2023-06-08 07:56','Thursday',2284),
(70,'2023-06-11 13:38','Sunday',380),
(71,'2023-06-15 08:09','Thursday',405),
(72,'2023-06-19 17:46','Monday',412),
(73,'2023-06-23 07:59','Friday',1257),
(74,'2023-06-28 16:10','Wednesday',4860),
(75,'2023-06-30 14:27','Friday',4462),
(76,'2023-06-01 15:54','Thursday',4329),
(77,'2023-06-03 11:01','Saturday',435),
(78,'2023-06-06 09:35','Tuesday',368),
(79,'2023-06-06 10:38','Friday',2293),
(80,'2023-06-12 10:33','Monday',1073),
(81,'2023-06-16 15:02','Friday',1835),
(82,'2023-06-18 18:21','Sunday',4474),
(83,'2023-06-21 11:16','Wednesday',1962),
(84,'2023-06-25 17:58','Sunday',1858),
(85,'2023-06-26 13:35','Monday',4564),
(86,'2023-06-04 19:09','Sunday',184),
(87,'2023-06-07 10:56','Wednesday',5080),
(88,'2023-06-10 17:51','Saturday',1858),
(89,'2023-06-14 15:41','Wednesday',3775),
(90,'2023-06-17 10:05','Saturday',1540),
(91,'2023-06-21 18:19','Wednesday',166),
(92,'2023-06-18 17:33','Sunday',179),
(93,'2023-06-02 21:20','Friday',5082),
(94,'2023-06-04 06:18','Sunday',1158),
(95,'2023-06-28 12:45','Wednesday',4676),
(96,'2023-06-05 15:21','Thursday',1812),
(97,'2023-06-16 11:47','Friday',5086),
(98,'2023-06-15 11:05','Thursday',4541),
(99,'2023-06-01 09:03','Thursday',2363),
(100,'2023-06-30 8:13','Friday',4905);

CREATE TABLE USER (
    user_id INT PRIMARY KEY,
    age_group VARCHAR(10) NOT NULL,
    gender VARCHAR(10) NOT NULL,
    nationality VARCHAR(10) NOT NULL,
    cumulative_usage_amount INT NOT NULL
);

INSERT INTO user (user_id, age_group, gender, nationality, cumulative_usage_amount) VALUES ('1', '30대', 'F', '내국인', '1000');
INSERT INTO user (user_id, age_group, gender, nationality, cumulative_usage_amount) VALUES ('2', '30대', 'F', '내국인', '1000');
INSERT INTO user (user_id, age_group, gender, nationality, cumulative_usage_amount) VALUES ('3', '30대', 'M', '내국인', '1000');
INSERT INTO user (user_id, age_group, gender, nationality, cumulative_usage_amount) VALUES ('4', '50대', 'M', '내국인', '1000');
INSERT INTO user (user_id, age_group, gender, nationality, cumulative_usage_amount) VALUES ('5', '60대', 'F', '내국인', '1000');
INSERT INTO user (user_id, age_group, gender, nationality, cumulative_usage_amount) VALUES ('6', '60대', 'F', '내국인', '1000');
INSERT INTO user (user_id, age_group, gender, nationality, cumulative_usage_amount) VALUES ('7', '60대', 'M', '내국인', '1000');
INSERT INTO user (user_id, age_group, gender, nationality, cumulative_usage_amount) VALUES ('8', '60대', 'M', '내국인', '1000');
INSERT INTO user (user_id, age_group, gender, nationality, cumulative_usage_amount) VALUES ('9', '70대이상', 'F', '내국인', '1000');
INSERT INTO user (user_id, age_group, gender, nationality, cumulative_usage_amount) VALUES ('10', '70대이상', 'F', '내국인', '1000');
INSERT INTO user (user_id, age_group, gender, nationality, cumulative_usage_amount) VALUES ('11', '70대이상', 'M', '내국인', '1000');
INSERT INTO user (user_id, age_group, gender, nationality, cumulative_usage_amount) VALUES ('12', '70대이상', 'M', '내국인', '1000');
INSERT INTO user (user_id, age_group, gender, nationality, cumulative_usage_amount) VALUES ('13', '10대', 'F', '내국인', '1000');
INSERT INTO user (user_id, age_group, gender, nationality, cumulative_usage_amount) VALUES ('14', '30대', 'M', '내국인', '1000');
INSERT INTO user (user_id, age_group, gender, nationality, cumulative_usage_amount) VALUES ('15', '30대', 'M', '내국인', '1000');
INSERT INTO user (user_id, age_group, gender, nationality, cumulative_usage_amount) VALUES ('16', '40대', 'F', '내국인', '1000');
INSERT INTO user (user_id, age_group, gender, nationality, cumulative_usage_amount) VALUES ('17', '40대', 'F', '내국인', '1000');
INSERT INTO user (user_id, age_group, gender, nationality, cumulative_usage_amount) VALUES ('18', '40대', 'M', '내국인', '1000');
INSERT INTO user (user_id, age_group, gender, nationality, cumulative_usage_amount) VALUES ('19', '40대', 'M', '내국인', '1000');
INSERT INTO user (user_id, age_group, gender, nationality, cumulative_usage_amount) VALUES ('20', '50대', 'F', '내국인', '2000');
INSERT INTO user (user_id, age_group, gender, nationality, cumulative_usage_amount) VALUES ('21', '50대', 'F', '내국인', '2000');
INSERT INTO user (user_id, age_group, gender, nationality, cumulative_usage_amount) VALUES ('22', '50대', 'M', '내국인', '2000');
INSERT INTO user (user_id, age_group, gender, nationality, cumulative_usage_amount) VALUES ('23', '60대', 'F', '내국인', '2000');
INSERT INTO user (user_id, age_group, gender, nationality, cumulative_usage_amount) VALUES ('24', '60대', 'F', '내국인', '2000');
INSERT INTO user (user_id, age_group, gender, nationality, cumulative_usage_amount) VALUES ('25', '40대', 'F', '내국인', '2000');
INSERT INTO user (user_id, age_group, gender, nationality, cumulative_usage_amount) VALUES ('26', '40대', 'F', '내국인', '2000');
INSERT INTO user (user_id, age_group, gender, nationality, cumulative_usage_amount) VALUES ('27', '40대', 'M', '내국인', '2000');
INSERT INTO user (user_id, age_group, gender, nationality, cumulative_usage_amount) VALUES ('28', '40대', 'M', '내국인', '2000');
INSERT INTO user (user_id, age_group, gender, nationality, cumulative_usage_amount) VALUES ('29', '50대', 'F', '내국인', '2000');
INSERT INTO user (user_id, age_group, gender, nationality, cumulative_usage_amount) VALUES ('30', '50대', 'F', '내국인', '2000');
INSERT INTO user (user_id, age_group, gender, nationality, cumulative_usage_amount) VALUES ('31', '50대', 'M', '내국인', '2000');
INSERT INTO user (user_id, age_group, gender, nationality, cumulative_usage_amount) VALUES ('32', '10대', 'M', '내국인', '2000');
INSERT INTO user (user_id, age_group, gender, nationality, cumulative_usage_amount) VALUES ('33', '60대', 'F', '내국인', '2000');
INSERT INTO user (user_id, age_group, gender, nationality, cumulative_usage_amount) VALUES ('34', '10대', 'F', '내국인', '2000');
INSERT INTO user (user_id, age_group, gender, nationality, cumulative_usage_amount) VALUES ('35', '20대', 'F', '내국인', '2000');
INSERT INTO user (user_id, age_group, gender, nationality, cumulative_usage_amount) VALUES ('36', '20대', 'M', '내국인', '2000');
INSERT INTO user (user_id, age_group, gender, nationality, cumulative_usage_amount) VALUES ('37', '50대', 'M', '내국인', '2000');
INSERT INTO user (user_id, age_group, gender, nationality, cumulative_usage_amount) VALUES ('38', '10대', 'F', '내국인', '5000');
INSERT INTO user (user_id, age_group, gender, nationality, cumulative_usage_amount) VALUES ('39', '60대', 'F', '내국인', '5000');
INSERT INTO user (user_id, age_group, gender, nationality, cumulative_usage_amount) VALUES ('40', '50대', 'F', '내국인', '5000');
INSERT INTO user (user_id, age_group, gender, nationality, cumulative_usage_amount) VALUES ('41', '50대', 'M', '내국인', '5000');
INSERT INTO user (user_id, age_group, gender, nationality, cumulative_usage_amount) VALUES ('42', '50대', 'M', '내국인', '5000');
INSERT INTO user (user_id, age_group, gender, nationality, cumulative_usage_amount) VALUES ('43', '60대', 'F', '내국인', '5000');
INSERT INTO user (user_id, age_group, gender, nationality, cumulative_usage_amount) VALUES ('44', '10대', 'F', '내국인', '5000');
INSERT INTO user (user_id, age_group, gender, nationality, cumulative_usage_amount) VALUES ('45', '60대', 'M', '내국인', '5000');
INSERT INTO user (user_id, age_group, gender, nationality, cumulative_usage_amount) VALUES ('46', '60대', 'M', '내국인', '5000');
INSERT INTO user (user_id, age_group, gender, nationality, cumulative_usage_amount) VALUES ('47', '70대이상', 'F', '내국인', '5000');
INSERT INTO user (user_id, age_group, gender, nationality, cumulative_usage_amount) VALUES ('48', '10대', 'F', '내국인', '5000');
INSERT INTO user (user_id, age_group, gender, nationality, cumulative_usage_amount) VALUES ('49', '10대', 'M', '내국인', '5000');
INSERT INTO user (user_id, age_group, gender, nationality, cumulative_usage_amount) VALUES ('50', '10대', 'F', '내국인', '5000');
INSERT INTO user (user_id, age_group, gender, nationality, cumulative_usage_amount) VALUES ('51', '10대', 'F', '내국인', '5000');
INSERT INTO user (user_id, age_group, gender, nationality, cumulative_usage_amount) VALUES ('52', '20대', 'M', '내국인', '5000');
INSERT INTO user (user_id, age_group, gender, nationality, cumulative_usage_amount) VALUES ('53', '30대', 'F', '내국인', '5000');
INSERT INTO user (user_id, age_group, gender, nationality, cumulative_usage_amount) VALUES ('54', '60대', 'F', '내국인', '5000');
INSERT INTO user (user_id, age_group, gender, nationality, cumulative_usage_amount) VALUES ('55', '30대', 'M', '내국인', '5000');
INSERT INTO user (user_id, age_group, gender, nationality, cumulative_usage_amount) VALUES ('56', '30대', 'M', '내국인', '5000');
INSERT INTO user (user_id, age_group, gender, nationality, cumulative_usage_amount) VALUES ('57', '20대', 'F', '내국인', '10000');
INSERT INTO user (user_id, age_group, gender, nationality, cumulative_usage_amount) VALUES ('58', '20대', 'M', '내국인', '10000');
INSERT INTO user (user_id, age_group, gender, nationality, cumulative_usage_amount) VALUES ('59', '40대', 'M', '내국인', '10000');
INSERT INTO user (user_id, age_group, gender, nationality, cumulative_usage_amount) VALUES ('60', '50대', 'F', '내국인', '10000');
INSERT INTO user (user_id, age_group, gender, nationality, cumulative_usage_amount) VALUES ('61', '20대', 'F', '내국인', '10000');
INSERT INTO user (user_id, age_group, gender, nationality, cumulative_usage_amount) VALUES ('62', '10대', 'F', '내국인', '10000');
INSERT INTO user (user_id, age_group, gender, nationality, cumulative_usage_amount) VALUES ('63', '70대이상', 'F', '내국인', '10000');
INSERT INTO user (user_id, age_group, gender, nationality, cumulative_usage_amount) VALUES ('64', '30대', 'M', '내국인', '10000');
INSERT INTO user (user_id, age_group, gender, nationality, cumulative_usage_amount) VALUES ('65', '40대', 'F', '내국인', '10000');
INSERT INTO user (user_id, age_group, gender, nationality, cumulative_usage_amount) VALUES ('66', '10대', 'F', '내국인', '10000');
INSERT INTO user (user_id, age_group, gender, nationality, cumulative_usage_amount) VALUES ('67', '10대', 'M', '내국인', '10000');
INSERT INTO user (user_id, age_group, gender, nationality, cumulative_usage_amount) VALUES ('68', '10대', 'M', '내국인', '10000');
INSERT INTO user (user_id, age_group, gender, nationality, cumulative_usage_amount) VALUES ('69', '50대', 'F', '내국인', '10000');
INSERT INTO user (user_id, age_group, gender, nationality, cumulative_usage_amount) VALUES ('70', '20대', 'F', '내국인', '10000');
INSERT INTO user (user_id, age_group, gender, nationality, cumulative_usage_amount) VALUES ('71', '20대', 'M', '내국인', '10000');
INSERT INTO user (user_id, age_group, gender, nationality, cumulative_usage_amount) VALUES ('72', '30대', 'M', '내국인', '10000');
INSERT INTO user (user_id, age_group, gender, nationality, cumulative_usage_amount) VALUES ('73', '10대', 'F', '내국인', '10000');
INSERT INTO user (user_id, age_group, gender, nationality, cumulative_usage_amount) VALUES ('74', '40대', 'F', '내국인', '10000');
INSERT INTO user (user_id, age_group, gender, nationality, cumulative_usage_amount) VALUES ('75', '40대', 'M', '내국인', '10000');
INSERT INTO user (user_id, age_group, gender, nationality, cumulative_usage_amount) VALUES ('76', '40대', 'M', '내국인', '10000');
INSERT INTO user (user_id, age_group, gender, nationality, cumulative_usage_amount) VALUES ('77', '50대', 'F', '내국인', '10000');
INSERT INTO user (user_id, age_group, gender, nationality, cumulative_usage_amount) VALUES ('78', '60대', 'F', '내국인', '10000');
INSERT INTO user (user_id, age_group, gender, nationality, cumulative_usage_amount) VALUES ('79', '20대', 'F', '내국인', '10000');
INSERT INTO user (user_id, age_group, gender, nationality, cumulative_usage_amount) VALUES ('80', '60대', 'M', '내국인', '10000');
INSERT INTO user (user_id, age_group, gender, nationality, cumulative_usage_amount) VALUES ('81', '60대', 'M', '내국인', '10000');
INSERT INTO user (user_id, age_group, gender, nationality, cumulative_usage_amount) VALUES ('82', '40대', 'F', '내국인', '10000');
INSERT INTO user (user_id, age_group, gender, nationality, cumulative_usage_amount) VALUES ('83', '40대', 'F', '내국인', '10000');
INSERT INTO user (user_id, age_group, gender, nationality, cumulative_usage_amount) VALUES ('84', '40대', 'M', '내국인', '10000');
INSERT INTO user (user_id, age_group, gender, nationality, cumulative_usage_amount) VALUES ('85', '40대', 'M', '내국인', '10000');
INSERT INTO user (user_id, age_group, gender, nationality, cumulative_usage_amount) VALUES ('86', '50대', 'F', '내국인', '10000');
INSERT INTO user (user_id, age_group, gender, nationality, cumulative_usage_amount) VALUES ('87', '50대', 'F', '내국인', '10000');
INSERT INTO user (user_id, age_group, gender, nationality, cumulative_usage_amount) VALUES ('88', '50대', 'M', '내국인', '10000');
INSERT INTO user (user_id, age_group, gender, nationality, cumulative_usage_amount) VALUES ('89', '20대', 'M', '내국인', '10000');
INSERT INTO user (user_id, age_group, gender, nationality, cumulative_usage_amount) VALUES ('90', '60대', 'F', '내국인', '10000');
INSERT INTO user (user_id, age_group, gender, nationality, cumulative_usage_amount) VALUES ('91', '10대', 'F', '내국인', '10000');
INSERT INTO user (user_id, age_group, gender, nationality, cumulative_usage_amount) VALUES ('92', '10대', 'M', '내국인', '10000');
INSERT INTO user (user_id, age_group, gender, nationality, cumulative_usage_amount) VALUES ('93', '60대', 'M', '내국인', '10000');
INSERT INTO user (user_id, age_group, gender, nationality, cumulative_usage_amount) VALUES ('94', '20대', 'F', '내국인', '10000');
INSERT INTO user (user_id, age_group, gender, nationality, cumulative_usage_amount) VALUES ('95', '20대', 'F', '내국인', '10000');
INSERT INTO user (user_id, age_group, gender, nationality, cumulative_usage_amount) VALUES ('96', '20대', 'M', '내국인', '10000');
INSERT INTO user (user_id, age_group, gender, nationality, cumulative_usage_amount) VALUES ('97', '20대', 'M', '내국인', '10000');
INSERT INTO user (user_id, age_group, gender, nationality, cumulative_usage_amount) VALUES ('98', '30대', 'M', '내국인', '10000');
INSERT INTO user (user_id, age_group, gender, nationality, cumulative_usage_amount) VALUES ('99', '30대', 'M', '내국인', '10000');
INSERT INTO user (user_id, age_group, gender, nationality, cumulative_usage_amount) VALUES ('100', '40대', 'F', '내국인', '10000');
INSERT INTO user (user_id, age_group, gender, nationality, cumulative_usage_amount) VALUES ('101', '40대', 'F', '내국인', '10000');
INSERT INTO user (user_id, age_group, gender, nationality, cumulative_usage_amount) VALUES ('102', '40대', 'M', '내국인', '10000');
INSERT INTO user (user_id, age_group, gender, nationality, cumulative_usage_amount) VALUES ('103', '40대', 'M', '내국인', '10000');
INSERT INTO user (user_id, age_group, gender, nationality, cumulative_usage_amount) VALUES ('104', '20대', 'F', '내국인', '10000');
INSERT INTO user (user_id, age_group, gender, nationality, cumulative_usage_amount) VALUES ('105', '50대', 'F', '내국인', '10000');
INSERT INTO user (user_id, age_group, gender, nationality, cumulative_usage_amount) VALUES ('106', '50대', 'M', '내국인', '10000');
INSERT INTO user (user_id, age_group, gender, nationality, cumulative_usage_amount) VALUES ('107', '50대', 'M', '내국인', '10000');
INSERT INTO user (user_id, age_group, gender, nationality, cumulative_usage_amount) VALUES ('108', '60대', 'F', '내국인', '10000');
INSERT INTO user (user_id, age_group, gender, nationality, cumulative_usage_amount) VALUES ('109', '60대', 'F', '내국인', '10000');
INSERT INTO user (user_id, age_group, gender, nationality, cumulative_usage_amount) VALUES ('110', '70대이상', 'M', '내국인', '10000');
INSERT INTO user (user_id, age_group, gender, nationality, cumulative_usage_amount) VALUES ('111', '10대', 'F', '내국인', '4000');
INSERT INTO user (user_id, age_group, gender, nationality, cumulative_usage_amount) VALUES ('112', '10대', 'F', '내국인', '4000');
INSERT INTO user (user_id, age_group, gender, nationality, cumulative_usage_amount) VALUES ('113', '10대', 'M', '내국인', '4000');
INSERT INTO user (user_id, age_group, gender, nationality, cumulative_usage_amount) VALUES ('114', '10대', 'M', '내국인', '4000');
INSERT INTO user (user_id, age_group, gender, nationality, cumulative_usage_amount) VALUES ('115', '20대', 'F', '내국인', '4000');
INSERT INTO user (user_id, age_group, gender, nationality, cumulative_usage_amount) VALUES ('116', '20대', 'F', '내국인', '4000');
INSERT INTO user (user_id, age_group, gender, nationality, cumulative_usage_amount) VALUES ('117', '20대', 'M', '내국인', '4000');
INSERT INTO user (user_id, age_group, gender, nationality, cumulative_usage_amount) VALUES ('118', '70대이상', 'F', '내국인', '4000');
INSERT INTO user (user_id, age_group, gender, nationality, cumulative_usage_amount) VALUES ('119', '70대이상', 'M', '내국인', '4000');
INSERT INTO user (user_id, age_group, gender, nationality, cumulative_usage_amount) VALUES ('120', '70대이상', 'M', '내국인', '20000');
INSERT INTO user (user_id, age_group, gender, nationality, cumulative_usage_amount) VALUES ('121', '10대', 'F', '내국인', '20000');
INSERT INTO user (user_id, age_group, gender, nationality, cumulative_usage_amount) VALUES ('122', '10대', 'F', '내국인', '20000');
INSERT INTO user (user_id, age_group, gender, nationality, cumulative_usage_amount) VALUES ('123', '10대', 'M', '내국인', '20000');
INSERT INTO user (user_id, age_group, gender, nationality, cumulative_usage_amount) VALUES ('124', '10대', 'F', '내국인', '20000');
INSERT INTO user (user_id, age_group, gender, nationality, cumulative_usage_amount) VALUES ('125', '20대', 'F', '내국인', '20000');
INSERT INTO user (user_id, age_group, gender, nationality, cumulative_usage_amount) VALUES ('126', '20대', 'M', '내국인', '20000');
INSERT INTO user (user_id, age_group, gender, nationality, cumulative_usage_amount) VALUES ('127', '10대', 'M', '내국인', '20000');
INSERT INTO user (user_id, age_group, gender, nationality, cumulative_usage_amount) VALUES ('128', '70대이상', 'F', '내국인', '20000');
INSERT INTO user (user_id, age_group, gender, nationality, cumulative_usage_amount) VALUES ('129', '20대', 'F', '내국인', '20000');
INSERT INTO user (user_id, age_group, gender, nationality, cumulative_usage_amount) VALUES ('130', '20대', 'M', '내국인', '20000');
INSERT INTO user (user_id, age_group, gender, nationality, cumulative_usage_amount) VALUES ('131', '10대', 'F', '내국인', '20000');
INSERT INTO user (user_id, age_group, gender, nationality, cumulative_usage_amount) VALUES ('132', '10대', 'F', '내국인', '50000');
INSERT INTO user (user_id, age_group, gender, nationality, cumulative_usage_amount) VALUES ('133', '30대', 'F', '내국인', '50000');
INSERT INTO user (user_id, age_group, gender, nationality, cumulative_usage_amount) VALUES ('134', '30대', 'M', '내국인', '50000');
INSERT INTO user (user_id, age_group, gender, nationality, cumulative_usage_amount) VALUES ('135', '30대', 'M', '내국인', '50000');
INSERT INTO user (user_id, age_group, gender, nationality, cumulative_usage_amount) VALUES ('136', '40대', 'F', '내국인', '50000');
INSERT INTO user (user_id, age_group, gender, nationality, cumulative_usage_amount) VALUES ('137', '10대', 'F', '내국인', '50000');
INSERT INTO user (user_id, age_group, gender, nationality, cumulative_usage_amount) VALUES ('138', '10대', 'M', '내국인', '50000');
INSERT INTO user (user_id, age_group, gender, nationality, cumulative_usage_amount) VALUES ('139', '40대', 'M', '내국인', '50000');
INSERT INTO user (user_id, age_group, gender, nationality, cumulative_usage_amount) VALUES ('140', '50대', 'F', '내국인', '50000');
INSERT INTO user (user_id, age_group, gender, nationality, cumulative_usage_amount) VALUES ('141', '20대', 'F', '내국인', '50000');
INSERT INTO user (user_id, age_group, gender, nationality, cumulative_usage_amount) VALUES ('142', '20대', 'M', '내국인', '50000');
INSERT INTO user (user_id, age_group, gender, nationality, cumulative_usage_amount) VALUES ('143', '50대', 'M', '내국인', '50000');
INSERT INTO user (user_id, age_group, gender, nationality, cumulative_usage_amount) VALUES ('144', '60대', 'F', '내국인', '7000');
INSERT INTO user (user_id, age_group, gender, nationality, cumulative_usage_amount) VALUES ('145', '20대', 'M', '내국인', '7000');
INSERT INTO user (user_id, age_group, gender, nationality, cumulative_usage_amount) VALUES ('146', '20대', 'M', '내국인', '7000');
INSERT INTO user (user_id, age_group, gender, nationality, cumulative_usage_amount) VALUES ('147', '30대', 'F', '내국인', '7000');
INSERT INTO user (user_id, age_group, gender, nationality, cumulative_usage_amount) VALUES ('148', '30대', 'F', '내국인', '7000');
INSERT INTO user (user_id, age_group, gender, nationality, cumulative_usage_amount) VALUES ('149', '30대', 'M', '내국인', '7000');
INSERT INTO user (user_id, age_group, gender, nationality, cumulative_usage_amount) VALUES ('150', '30대', 'M', '내국인', '7000');
INSERT INTO user (user_id, age_group, gender, nationality, cumulative_usage_amount) VALUES ('151', '20대', 'F', '내국인', '7000');
INSERT INTO user (user_id, age_group, gender, nationality, cumulative_usage_amount) VALUES ('152', '60대', 'F', '내국인', '7000');
INSERT INTO user (user_id, age_group, gender, nationality, cumulative_usage_amount) VALUES ('153', '60대', 'M', '내국인', '7000');
INSERT INTO user (user_id, age_group, gender, nationality, cumulative_usage_amount) VALUES ('154', '60대', 'M', '내국인', '7000');
INSERT INTO user (user_id, age_group, gender, nationality, cumulative_usage_amount) VALUES ('155', '70대이상', 'F', '내국인', '7000');
INSERT INTO user (user_id, age_group, gender, nationality, cumulative_usage_amount) VALUES ('156', '20대', 'F', '내국인', '7000');
INSERT INTO user (user_id, age_group, gender, nationality, cumulative_usage_amount) VALUES ('157', '20대', 'M', '내국인', '7000');
INSERT INTO user (user_id, age_group, gender, nationality, cumulative_usage_amount) VALUES ('158', '70대이상', 'M', '내국인', '7000');
INSERT INTO user (user_id, age_group, gender, nationality, cumulative_usage_amount) VALUES ('159', '10대', 'F', '내국인', '7000');
INSERT INTO user (user_id, age_group, gender, nationality, cumulative_usage_amount) VALUES ('160', '10대', 'F', '내국인', '9000');
INSERT INTO user (user_id, age_group, gender, nationality, cumulative_usage_amount) VALUES ('161', '10대', 'M', '내국인', '9000');
INSERT INTO user (user_id, age_group, gender, nationality, cumulative_usage_amount) VALUES ('162', '10대', 'M', '내국인', '9000');
INSERT INTO user (user_id, age_group, gender, nationality, cumulative_usage_amount) VALUES ('163', '20대', 'F', '내국인', '9000');
INSERT INTO user (user_id, age_group, gender, nationality, cumulative_usage_amount) VALUES ('164', '20대', 'F', '내국인', '9000');
INSERT INTO user (user_id, age_group, gender, nationality, cumulative_usage_amount) VALUES ('165', '20대', 'M', '내국인', '9000');
INSERT INTO user (user_id, age_group, gender, nationality, cumulative_usage_amount) VALUES ('166', '20대', 'M', '내국인', '9000');
INSERT INTO user (user_id, age_group, gender, nationality, cumulative_usage_amount) VALUES ('167', '30대', 'F', '내국인', '9000');
INSERT INTO user (user_id, age_group, gender, nationality, cumulative_usage_amount) VALUES ('168', '30대', 'F', '내국인', '9000');
INSERT INTO user (user_id, age_group, gender, nationality, cumulative_usage_amount) VALUES ('169', '30대', 'M', '내국인', '9000');
INSERT INTO user (user_id, age_group, gender, nationality, cumulative_usage_amount) VALUES ('170', '30대', 'M', '내국인', '9000');
INSERT INTO user (user_id, age_group, gender, nationality, cumulative_usage_amount) VALUES ('171', '40대', 'F', '내국인', '100000');
INSERT INTO user (user_id, age_group, gender, nationality, cumulative_usage_amount) VALUES ('172', '20대', 'F', '내국인', '100000');
INSERT INTO user (user_id, age_group, gender, nationality, cumulative_usage_amount) VALUES ('173', '20대', 'M', '내국인', '100000');
INSERT INTO user (user_id, age_group, gender, nationality, cumulative_usage_amount) VALUES ('174', '40대', 'M', '내국인', '100000');
INSERT INTO user (user_id, age_group, gender, nationality, cumulative_usage_amount) VALUES ('175', '10대', 'F', '내국인', '100000');
INSERT INTO user (user_id, age_group, gender, nationality, cumulative_usage_amount) VALUES ('176', '10대', 'F', '내국인', '100000');
INSERT INTO user (user_id, age_group, gender, nationality, cumulative_usage_amount) VALUES ('177', '30대', 'M', '내국인', '100000');
INSERT INTO user (user_id, age_group, gender, nationality, cumulative_usage_amount) VALUES ('178', '30대', 'M', '내국인', '100000');
INSERT INTO user (user_id, age_group, gender, nationality, cumulative_usage_amount) VALUES ('179', '40대', 'F', '내국인', '2000');
INSERT INTO user (user_id, age_group, gender, nationality, cumulative_usage_amount) VALUES ('180', '40대', 'F', '내국인', '2000');
INSERT INTO user (user_id, age_group, gender, nationality, cumulative_usage_amount) VALUES ('181', '40대', 'M', '내국인', '2000');
INSERT INTO user (user_id, age_group, gender, nationality, cumulative_usage_amount) VALUES ('182', '40대', 'F', '내국인', '2000');
INSERT INTO user (user_id, age_group, gender, nationality, cumulative_usage_amount) VALUES ('183', '50대', 'F', '내국인', '2000');
INSERT INTO user (user_id, age_group, gender, nationality, cumulative_usage_amount) VALUES ('184', '50대', 'F', '내국인', '2000');
INSERT INTO user (user_id, age_group, gender, nationality, cumulative_usage_amount) VALUES ('185', '50대', 'F', '내국인', '2000');
INSERT INTO user (user_id, age_group, gender, nationality, cumulative_usage_amount) VALUES ('186', '50대', 'M', '내국인', '2000');
INSERT INTO user (user_id, age_group, gender, nationality, cumulative_usage_amount) VALUES ('187', '60대', 'F', '내국인', '5000');
INSERT INTO user (user_id, age_group, gender, nationality, cumulative_usage_amount) VALUES ('188', '60대', 'F', '내국인', '5000');
INSERT INTO user (user_id, age_group, gender, nationality, cumulative_usage_amount) VALUES ('189', '60대', 'M', '내국인', '5000');
INSERT INTO user (user_id, age_group, gender, nationality, cumulative_usage_amount) VALUES ('190', '60대', 'M', '내국인', '5000');
INSERT INTO user (user_id, age_group, gender, nationality, cumulative_usage_amount) VALUES ('191', '70대이상', 'F', '내국인', '5000');
INSERT INTO user (user_id, age_group, gender, nationality, cumulative_usage_amount) VALUES ('192', '70대이상', 'M', '내국인', '5000');
INSERT INTO user (user_id, age_group, gender, nationality, cumulative_usage_amount) VALUES ('193', '20대', 'M', '내국인', '5000');
INSERT INTO user (user_id, age_group, gender, nationality, cumulative_usage_amount) VALUES ('194', '20대', 'M', '내국인', '5000');
INSERT INTO user (user_id, age_group, gender, nationality, cumulative_usage_amount) VALUES ('195', '30대', 'F', '내국인', '5000');
INSERT INTO user (user_id, age_group, gender, nationality, cumulative_usage_amount) VALUES ('196', '30대', 'F', '내국인', '5000');
INSERT INTO user (user_id, age_group, gender, nationality, cumulative_usage_amount) VALUES ('197', '30대', 'M', '내국인', '5000');
INSERT INTO user (user_id, age_group, gender, nationality, cumulative_usage_amount) VALUES ('198', '30대', 'M', '내국인', '5000');
INSERT INTO user (user_id, age_group, gender, nationality, cumulative_usage_amount) VALUES ('199', '40대', 'F', '내국인', '5000');
INSERT INTO user (user_id, age_group, gender, nationality, cumulative_usage_amount) VALUES ('200', '40대', 'F', '내국인', '5000');
INSERT INTO user (user_id, age_group, gender, nationality, cumulative_usage_amount) VALUES ('201', '20대', 'F', '내국인', '5000');
INSERT INTO user (user_id, age_group, gender, nationality, cumulative_usage_amount) VALUES ('202', '10대', 'M', '내국인', '100000');
INSERT INTO user (user_id, age_group, gender, nationality, cumulative_usage_amount) VALUES ('203', '70대이상', 'M', '내국인', '100000');
INSERT INTO user (user_id, age_group, gender, nationality, cumulative_usage_amount) VALUES ('204', '10대', 'F', '내국인', '100000');
INSERT INTO user (user_id, age_group, gender, nationality, cumulative_usage_amount) VALUES ('205', '10대', 'F', '내국인', '100000');
INSERT INTO user (user_id, age_group, gender, nationality, cumulative_usage_amount) VALUES ('206', '10대', 'M', '내국인', '100000');
INSERT INTO user (user_id, age_group, gender, nationality, cumulative_usage_amount) VALUES ('207', '10대', 'F', '내국인', '100000');
INSERT INTO user (user_id, age_group, gender, nationality, cumulative_usage_amount) VALUES ('208', '10대', 'M', '내국인', '100000');
INSERT INTO user (user_id, age_group, gender, nationality, cumulative_usage_amount) VALUES ('209', '10대', 'M', '내국인', '100000');
INSERT INTO user (user_id, age_group, gender, nationality, cumulative_usage_amount) VALUES ('210', '20대', 'F', '내국인', '1000');
INSERT INTO user (user_id, age_group, gender, nationality, cumulative_usage_amount) VALUES ('211', '20대', 'F', '외국인', '1000');
INSERT INTO user (user_id, age_group, gender, nationality, cumulative_usage_amount) VALUES ('212', '20대', 'M', '외국인', '1000');
INSERT INTO user (user_id, age_group, gender, nationality, cumulative_usage_amount) VALUES ('213', '20대', 'M', '외국인', '1000');
INSERT INTO user (user_id, age_group, gender, nationality, cumulative_usage_amount) VALUES ('214', '30대', 'F', '외국인', '1000');
INSERT INTO user (user_id, age_group, gender, nationality, cumulative_usage_amount) VALUES ('215', '30대', 'F', '외국인', '1000');
INSERT INTO user (user_id, age_group, gender, nationality, cumulative_usage_amount) VALUES ('216', '30대', 'M', '외국인', '1000');
INSERT INTO user (user_id, age_group, gender, nationality, cumulative_usage_amount) VALUES ('217', '30대', 'M', '외국인', '1000');
INSERT INTO user (user_id, age_group, gender, nationality, cumulative_usage_amount) VALUES ('218', '40대', 'F', '외국인', '1000');
INSERT INTO user (user_id, age_group, gender, nationality, cumulative_usage_amount) VALUES ('219', '40대', 'M', '외국인', '1000');
INSERT INTO user (user_id, age_group, gender, nationality, cumulative_usage_amount) VALUES ('220', '50대', 'F', '외국인', '1000');
INSERT INTO user (user_id, age_group, gender, nationality, cumulative_usage_amount) VALUES ('221', '10대', 'F', '외국인', '1000');
INSERT INTO user (user_id, age_group, gender, nationality, cumulative_usage_amount) VALUES ('222', '10대', 'M', '외국인', '1000');
INSERT INTO user (user_id, age_group, gender, nationality, cumulative_usage_amount) VALUES ('223', '50대', 'M', '외국인', '1000');
INSERT INTO user (user_id, age_group, gender, nationality, cumulative_usage_amount) VALUES ('224', '60대', 'F', '외국인', '2000');
INSERT INTO user (user_id, age_group, gender, nationality, cumulative_usage_amount) VALUES ('225', '60대', 'F', '외국인', '2000');
INSERT INTO user (user_id, age_group, gender, nationality, cumulative_usage_amount) VALUES ('226', '60대', 'M', '외국인', '2000');
INSERT INTO user (user_id, age_group, gender, nationality, cumulative_usage_amount) VALUES ('227', '60대', 'M', '외국인', '2000');
INSERT INTO user (user_id, age_group, gender, nationality, cumulative_usage_amount) VALUES ('228', '30대', 'F', '외국인', '2000');
INSERT INTO user (user_id, age_group, gender, nationality, cumulative_usage_amount) VALUES ('229', '70대이상', 'F', '외국인', '2000');
INSERT INTO user (user_id, age_group, gender, nationality, cumulative_usage_amount) VALUES ('230', '70대이상', 'M', '외국인', '2000');
INSERT INTO user (user_id, age_group, gender, nationality, cumulative_usage_amount) VALUES ('231', '70대이상', 'M', '외국인', '2000');
INSERT INTO user (user_id, age_group, gender, nationality, cumulative_usage_amount) VALUES ('232', '10대', 'F', '외국인', '2000');
INSERT INTO user (user_id, age_group, gender, nationality, cumulative_usage_amount) VALUES ('233', '10대', 'F', '외국인', '2000');
INSERT INTO user (user_id, age_group, gender, nationality, cumulative_usage_amount) VALUES ('234', '10대', 'M', '외국인', '2000');
INSERT INTO user (user_id, age_group, gender, nationality, cumulative_usage_amount) VALUES ('235', '10대', 'M', '외국인', '2000');
INSERT INTO user (user_id, age_group, gender, nationality, cumulative_usage_amount) VALUES ('236', '20대', 'F', '외국인', '2000');
INSERT INTO user (user_id, age_group, gender, nationality, cumulative_usage_amount) VALUES ('237', '20대', 'F', '외국인', '2000');
INSERT INTO user (user_id, age_group, gender, nationality, cumulative_usage_amount) VALUES ('238', '20대', 'M', '외국인', '2000');
INSERT INTO user (user_id, age_group, gender, nationality, cumulative_usage_amount) VALUES ('239', '20대', 'M', '외국인', '2000');
INSERT INTO user (user_id, age_group, gender, nationality, cumulative_usage_amount) VALUES ('240', '30대', 'F', '외국인', '2000');
INSERT INTO user (user_id, age_group, gender, nationality, cumulative_usage_amount) VALUES ('241', '30대', 'F', '외국인', '3000');
INSERT INTO user (user_id, age_group, gender, nationality, cumulative_usage_amount) VALUES ('242', '30대', 'M', '외국인', '3000');
INSERT INTO user (user_id, age_group, gender, nationality, cumulative_usage_amount) VALUES ('243', '30대', 'M', '외국인', '3000');
INSERT INTO user (user_id, age_group, gender, nationality, cumulative_usage_amount) VALUES ('244', '40대', 'F', '외국인', '3000');
INSERT INTO user (user_id, age_group, gender, nationality, cumulative_usage_amount) VALUES ('245', '40대', 'F', '외국인', '3000');
INSERT INTO user (user_id, age_group, gender, nationality, cumulative_usage_amount) VALUES ('246', '40대', 'M', '외국인', '3000');
INSERT INTO user (user_id, age_group, gender, nationality, cumulative_usage_amount) VALUES ('247', '20대', 'M', '외국인', '3000');
INSERT INTO user (user_id, age_group, gender, nationality, cumulative_usage_amount) VALUES ('248', '50대', 'M', '외국인', '3000');
INSERT INTO user (user_id, age_group, gender, nationality, cumulative_usage_amount) VALUES ('249', '70대이상', 'M', '외국인', '3000');
INSERT INTO user (user_id, age_group, gender, nationality, cumulative_usage_amount) VALUES ('250', '70대이상', 'M', '외국인', '4000');

CREATE INDEX user_index ON user(user_id);

CREATE TABLE USAGE_PER_USER (
    usage_id INT PRIMARY KEY,
    user_id INT,
    FOREIGN KEY (usage_id) REFERENCES RENT_HISTORY(usage_id) ON DELETE CASCADE,
    FOREIGN KEY (user_id) REFERENCES USER(user_id) ON DELETE CASCADE
);

INSERT INTO usage_per_user(usage_id, user_id) VALUES
(1, 194),
(2, 231),
(3, 57),
(4, 72),
(5, 14),
(6, 83),
(7, 115),
(8, 27),
(9, 113),
(10, 131),
(11, 13),
(12, 7),
(13, 215),
(14, 64),
(15, 15),
(16, 234),
(17, 111),
(18, 54),
(19, 3),
(20, 138),
(21, 157),
(22, 196),
(23, 80),
(24, 52),
(25, 240),
(26, 26),
(27, 135),
(28, 61),
(29, 31),
(30, 228),
(31, 102),
(32, 249),
(33, 116),
(34, 28),
(35, 2),
(36, 236),
(37, 80),
(38, 164),
(39, 212),
(40, 26),
(41, 211),
(42, 242),
(43, 117),
(44, 18),
(45, 112),
(46, 168),
(47, 132),
(48, 147),
(49, 71),
(50, 42),
(51, 208),
(52, 221),
(53, 157),
(54, 143),
(55, 24),
(56, 221),
(57, 205),
(58, 184),
(59, 220),
(60, 75),
(61, 213),
(62, 179),
(63, 103),
(64, 114),
(65, 235),
(66, 34),
(67, 177),
(68, 58),
(69, 155),
(70, 68),
(71, 55),
(72, 204),
(73, 137),
(74, 70),
(75, 107),
(76, 98),
(77, 248),
(78, 165),
(79, 50),
(80, 247),
(81, 166),
(82, 170),
(83, 197),
(84, 123),
(85, 131),
(86, 206),
(87, 246),
(88, 233),
(89, 185),
(90, 103),
(91, 210),
(92, 51),
(93, 162),
(94, 16),
(95, 183),
(96, 149),
(97, 59),
(98, 230),
(99, 110),
(100, 244);

CREATE TABLE ECO_USAGE (
    usage_id INT PRIMARY KEY,
    carbon DOUBLE,
    FOREIGN KEY (usage_id) REFERENCES RENT_HISTORY(usage_id) ON DELETE CASCADE
);

INSERT INTO ECO_USAGE (usage_id, carbon) VALUES ('1', '0.25');
INSERT INTO ECO_USAGE (usage_id, carbon) VALUES ('2', '0.29');
INSERT INTO ECO_USAGE (usage_id, carbon) VALUES ('3', '0.23');
INSERT INTO ECO_USAGE (usage_id, carbon) VALUES ('4', '0.15');
INSERT INTO ECO_USAGE (usage_id, carbon) VALUES ('5', '0.14');
INSERT INTO ECO_USAGE (usage_id, carbon) VALUES ('6', '0.11');
INSERT INTO ECO_USAGE (usage_id, carbon) VALUES ('7', '0.33');
INSERT INTO ECO_USAGE (usage_id, carbon) VALUES ('8', '0.03');
INSERT INTO ECO_USAGE (usage_id, carbon) VALUES ('9', '0.41');
INSERT INTO ECO_USAGE (usage_id, carbon) VALUES ('10', '0.4');
INSERT INTO ECO_USAGE (usage_id, carbon) VALUES ('11', '0.27');
INSERT INTO ECO_USAGE (usage_id, carbon) VALUES ('12', '0.2');
INSERT INTO ECO_USAGE (usage_id, carbon) VALUES ('13', '0.55');
INSERT INTO ECO_USAGE (usage_id, carbon) VALUES ('14', '1.18');
INSERT INTO ECO_USAGE (usage_id, carbon) VALUES ('15', '1.12');
INSERT INTO ECO_USAGE (usage_id, carbon) VALUES ('16', '0.95');
INSERT INTO ECO_USAGE (usage_id, carbon) VALUES ('17', '0.65');
INSERT INTO ECO_USAGE (usage_id, carbon) VALUES ('18', '0.64');
INSERT INTO ECO_USAGE (usage_id, carbon) VALUES ('19', '0.48');
INSERT INTO ECO_USAGE (usage_id, carbon) VALUES ('20', '1.36');
INSERT INTO ECO_USAGE (usage_id, carbon) VALUES ('21', '0.92');
INSERT INTO ECO_USAGE (usage_id, carbon) VALUES ('22', '0.48');
INSERT INTO ECO_USAGE (usage_id, carbon) VALUES ('23', '0.07');
INSERT INTO ECO_USAGE (usage_id, carbon) VALUES ('24', '0.53');
INSERT INTO ECO_USAGE (usage_id, carbon) VALUES ('25', '0.23');
INSERT INTO ECO_USAGE (usage_id, carbon) VALUES ('26', '0.81');
INSERT INTO ECO_USAGE (usage_id, carbon) VALUES ('27', '0.2');
INSERT INTO ECO_USAGE (usage_id, carbon) VALUES ('28', '0.29');
INSERT INTO ECO_USAGE (usage_id, carbon) VALUES ('29', '0.32');
INSERT INTO ECO_USAGE (usage_id, carbon) VALUES ('30', '1.63');
INSERT INTO ECO_USAGE (usage_id, carbon) VALUES ('31', '0.21');
INSERT INTO ECO_USAGE (usage_id, carbon) VALUES ('32', '0.45');
INSERT INTO ECO_USAGE (usage_id, carbon) VALUES ('33', '0.29');
INSERT INTO ECO_USAGE (usage_id, carbon) VALUES ('34', '0.14');
INSERT INTO ECO_USAGE (usage_id, carbon) VALUES ('35', '0.6');
INSERT INTO ECO_USAGE (usage_id, carbon) VALUES ('36', '1.13');
INSERT INTO ECO_USAGE (usage_id, carbon) VALUES ('37', '0.39');
INSERT INTO ECO_USAGE (usage_id, carbon) VALUES ('38', '0.32');
INSERT INTO ECO_USAGE (usage_id, carbon) VALUES ('39', '0.31');
INSERT INTO ECO_USAGE (usage_id, carbon) VALUES ('40', '1.2');
INSERT INTO ECO_USAGE (usage_id, carbon) VALUES ('41', '0.39');
INSERT INTO ECO_USAGE (usage_id, carbon) VALUES ('42', '1.62');
INSERT INTO ECO_USAGE (usage_id, carbon) VALUES ('43', '0.45');
INSERT INTO ECO_USAGE (usage_id, carbon) VALUES ('44', '0.78');
INSERT INTO ECO_USAGE (usage_id, carbon) VALUES ('45', '2.64');
INSERT INTO ECO_USAGE (usage_id, carbon) VALUES ('46', '0.37');
INSERT INTO ECO_USAGE (usage_id, carbon) VALUES ('47', '0.78');
INSERT INTO ECO_USAGE (usage_id, carbon) VALUES ('48', '0.25');
INSERT INTO ECO_USAGE (usage_id, carbon) VALUES ('49', '0.29');
INSERT INTO ECO_USAGE (usage_id, carbon) VALUES ('50', '0.3');
INSERT INTO ECO_USAGE (usage_id, carbon) VALUES ('51', '0.65');
INSERT INTO ECO_USAGE (usage_id, carbon) VALUES ('52', '0.16');
INSERT INTO ECO_USAGE (usage_id, carbon) VALUES ('53', '1.07');
INSERT INTO ECO_USAGE (usage_id, carbon) VALUES ('54', '0.12');
INSERT INTO ECO_USAGE (usage_id, carbon) VALUES ('55', '0.88');
INSERT INTO ECO_USAGE (usage_id, carbon) VALUES ('56', '0.12');
INSERT INTO ECO_USAGE (usage_id, carbon) VALUES ('57', '0.22');
INSERT INTO ECO_USAGE (usage_id, carbon) VALUES ('58', '0.68');
INSERT INTO ECO_USAGE (usage_id, carbon) VALUES ('59', '0.14');
INSERT INTO ECO_USAGE (usage_id, carbon) VALUES ('60', '0.28');
INSERT INTO ECO_USAGE (usage_id, carbon) VALUES ('61', '0.52');
INSERT INTO ECO_USAGE (usage_id, carbon) VALUES ('62', '0.6');
INSERT INTO ECO_USAGE (usage_id, carbon) VALUES ('63', '1.24');
INSERT INTO ECO_USAGE (usage_id, carbon) VALUES ('64', '0.29');
INSERT INTO ECO_USAGE (usage_id, carbon) VALUES ('65', '0.14');
INSERT INTO ECO_USAGE (usage_id, carbon) VALUES ('66', '0.36');
INSERT INTO ECO_USAGE (usage_id, carbon) VALUES ('67', '0.35');
INSERT INTO ECO_USAGE (usage_id, carbon) VALUES ('68', '2.15');
INSERT INTO ECO_USAGE (usage_id, carbon) VALUES ('69', '0.37');
INSERT INTO ECO_USAGE (usage_id, carbon) VALUES ('70', '1.05');
INSERT INTO ECO_USAGE (usage_id, carbon) VALUES ('71', '0.63');
INSERT INTO ECO_USAGE (usage_id, carbon) VALUES ('72', '0.21');
INSERT INTO ECO_USAGE (usage_id, carbon) VALUES ('73', '0.16');
INSERT INTO ECO_USAGE (usage_id, carbon) VALUES ('74', '0.24');
INSERT INTO ECO_USAGE (usage_id, carbon) VALUES ('75', '0.33');
INSERT INTO ECO_USAGE (usage_id, carbon) VALUES ('76', '0.13');
INSERT INTO ECO_USAGE (usage_id, carbon) VALUES ('77', '0.08');
INSERT INTO ECO_USAGE (usage_id, carbon) VALUES ('78', '1.77');
INSERT INTO ECO_USAGE (usage_id, carbon) VALUES ('79', '3.33');
INSERT INTO ECO_USAGE (usage_id, carbon) VALUES ('80', '1.37');
INSERT INTO ECO_USAGE (usage_id, carbon) VALUES ('81', '0.68');
INSERT INTO ECO_USAGE (usage_id, carbon) VALUES ('82', '0.56');
INSERT INTO ECO_USAGE (usage_id, carbon) VALUES ('83', '0');
INSERT INTO ECO_USAGE (usage_id, carbon) VALUES ('84', '0.32');
INSERT INTO ECO_USAGE (usage_id, carbon) VALUES ('85', '0.42');
INSERT INTO ECO_USAGE (usage_id, carbon) VALUES ('86', '0.02');
INSERT INTO ECO_USAGE (usage_id, carbon) VALUES ('87', '0.41');
INSERT INTO ECO_USAGE (usage_id, carbon) VALUES ('88', '0.54');
INSERT INTO ECO_USAGE (usage_id, carbon) VALUES ('89', '1.11');
INSERT INTO ECO_USAGE (usage_id, carbon) VALUES ('90', '0.96');
INSERT INTO ECO_USAGE (usage_id, carbon) VALUES ('91', '0.29');
INSERT INTO ECO_USAGE (usage_id, carbon) VALUES ('92', '0.87');
INSERT INTO ECO_USAGE (usage_id, carbon) VALUES ('93', '0.23');
INSERT INTO ECO_USAGE (usage_id, carbon) VALUES ('94', '0.41');
INSERT INTO ECO_USAGE (usage_id, carbon) VALUES ('95', '0.23');
INSERT INTO ECO_USAGE (usage_id, carbon) VALUES ('96', '0.29');
INSERT INTO ECO_USAGE (usage_id, carbon) VALUES ('97', '0.47');
INSERT INTO ECO_USAGE (usage_id, carbon) VALUES ('98', '0.29');
INSERT INTO ECO_USAGE (usage_id, carbon) VALUES ('99', '0.08');
INSERT INTO ECO_USAGE (usage_id, carbon) VALUES ('100', '0.05');

CREATE TABLE WORKOUT_USAGE (
    usage_id INT PRIMARY KEY,
    dur_time INT,
    exercise DOUBLE,
    moving_distance DOUBLE,
    FOREIGN KEY (usage_id) REFERENCES RENT_HISTORY(usage_id) ON DELETE CASCADE
);

INSERT INTO WORKOUT_USAGE (usage_id, dur_time, exercise, moving_distance) VALUES ('1', '6', '27.32', '1095.1');
INSERT INTO WORKOUT_USAGE (usage_id, dur_time, exercise, moving_distance) VALUES ('2', '7', '24.09', '1267.59');
INSERT INTO WORKOUT_USAGE (usage_id, dur_time, exercise, moving_distance) VALUES ('3', '7', '25.2', '1010');
INSERT INTO WORKOUT_USAGE (usage_id, dur_time, exercise, moving_distance) VALUES ('4', '5', '14.45', '663.47');
INSERT INTO WORKOUT_USAGE (usage_id, dur_time, exercise, moving_distance) VALUES ('5', '5', '11.1', '623.15');
INSERT INTO WORKOUT_USAGE (usage_id, dur_time, exercise, moving_distance) VALUES ('6', '3', '9.14', '461.48');
INSERT INTO WORKOUT_USAGE (usage_id, dur_time, exercise, moving_distance) VALUES ('7', '13', '38.62', '1434.06');
INSERT INTO WORKOUT_USAGE (usage_id, dur_time, exercise, moving_distance) VALUES ('8', '6', '3.65', '141.91');
INSERT INTO WORKOUT_USAGE (usage_id, dur_time, exercise, moving_distance) VALUES ('9', '21', '46.02', '1787.95');
INSERT INTO WORKOUT_USAGE (usage_id, dur_time, exercise, moving_distance) VALUES ('10', '9', '44.79', '1740');
INSERT INTO WORKOUT_USAGE (usage_id, dur_time, exercise, moving_distance) VALUES ('11', '7', '27.41', '1153.56');
INSERT INTO WORKOUT_USAGE (usage_id, dur_time, exercise, moving_distance) VALUES ('12', '3', '21.88', '850');
INSERT INTO WORKOUT_USAGE (usage_id, dur_time, exercise, moving_distance) VALUES ('13', '11', '48.78', '2369');
INSERT INTO WORKOUT_USAGE (usage_id, dur_time, exercise, moving_distance) VALUES ('14', '24', '193.69', '5095.07');
INSERT INTO WORKOUT_USAGE (usage_id, dur_time, exercise, moving_distance) VALUES ('15', '24', '115', '4840');
INSERT INTO WORKOUT_USAGE (usage_id, dur_time, exercise, moving_distance) VALUES ('16', '17', '110.4', '4100');
INSERT INTO WORKOUT_USAGE (usage_id, dur_time, exercise, moving_distance) VALUES ('17', '20', '62.81', '2796.34');
INSERT INTO WORKOUT_USAGE (usage_id, dur_time, exercise, moving_distance) VALUES ('18', '32', '73.35', '2757.81');
INSERT INTO WORKOUT_USAGE (usage_id, dur_time, exercise, moving_distance) VALUES ('19', '31', '48.86', '2056.23');
INSERT INTO WORKOUT_USAGE (usage_id, dur_time, exercise, moving_distance) VALUES ('20', '56', '121.08', '5880.03');
INSERT INTO WORKOUT_USAGE (usage_id, dur_time, exercise, moving_distance) VALUES ('21', '16', '84.47', '3950');
INSERT INTO WORKOUT_USAGE (usage_id, dur_time, exercise, moving_distance) VALUES ('22', '8', '78.31', '2060');
INSERT INTO WORKOUT_USAGE (usage_id, dur_time, exercise, moving_distance) VALUES ('23', '3', '5.69', '319.47');
INSERT INTO WORKOUT_USAGE (usage_id, dur_time, exercise, moving_distance) VALUES ('24', '19', '52.16', '2283.35');
INSERT INTO WORKOUT_USAGE (usage_id, dur_time, exercise, moving_distance) VALUES ('25', '9', '2.33', '978.9');
INSERT INTO WORKOUT_USAGE (usage_id, dur_time, exercise, moving_distance) VALUES ('26', '27', '89.63', '3481.96');
INSERT INTO WORKOUT_USAGE (usage_id, dur_time, exercise, moving_distance) VALUES ('27', '6', '22.15', '860.48');
INSERT INTO WORKOUT_USAGE (usage_id, dur_time, exercise, moving_distance) VALUES ('28', '8', '32.15', '1249.07');
INSERT INTO WORKOUT_USAGE (usage_id, dur_time, exercise, moving_distance) VALUES ('29', '7', '36.07', '1380');
INSERT INTO WORKOUT_USAGE (usage_id, dur_time, exercise, moving_distance) VALUES ('30', '44', '139.86', '7005.25');
INSERT INTO WORKOUT_USAGE (usage_id, dur_time, exercise, moving_distance) VALUES ('31', '4', '31.69', '909.48');
INSERT INTO WORKOUT_USAGE (usage_id, dur_time, exercise, moving_distance) VALUES ('32', '13', '45.15', '1932.65');
INSERT INTO WORKOUT_USAGE (usage_id, dur_time, exercise, moving_distance) VALUES ('33', '7', '31.71', '1232.02');
INSERT INTO WORKOUT_USAGE (usage_id, dur_time, exercise, moving_distance) VALUES ('34', '4', '12.75', '585.55');
INSERT INTO WORKOUT_USAGE (usage_id, dur_time, exercise, moving_distance) VALUES ('35', '12', '73.55', '2599.52');
INSERT INTO WORKOUT_USAGE (usage_id, dur_time, exercise, moving_distance) VALUES ('36', '36', '56.05', '4860.48');
INSERT INTO WORKOUT_USAGE (usage_id, dur_time, exercise, moving_distance) VALUES ('37', '9', '40.01', '1683.79');
INSERT INTO WORKOUT_USAGE (usage_id, dur_time, exercise, moving_distance) VALUES ('38', '14', '29.45', '1357.97');
INSERT INTO WORKOUT_USAGE (usage_id, dur_time, exercise, moving_distance) VALUES ('39', '3', '40.25', '1320');
INSERT INTO WORKOUT_USAGE (usage_id, dur_time, exercise, moving_distance) VALUES ('40', '30', '108.32', '5149.6');
INSERT INTO WORKOUT_USAGE (usage_id, dur_time, exercise, moving_distance) VALUES ('41', '62', '36.59', '1680');
INSERT INTO WORKOUT_USAGE (usage_id, dur_time, exercise, moving_distance) VALUES ('42', '46', '169.67', '7010');
INSERT INTO WORKOUT_USAGE (usage_id, dur_time, exercise, moving_distance) VALUES ('43', '8', '45.74', '1957.82');
INSERT INTO WORKOUT_USAGE (usage_id, dur_time, exercise, moving_distance) VALUES ('44', '25', '83.04', '3357.34');
INSERT INTO WORKOUT_USAGE (usage_id, dur_time, exercise, moving_distance) VALUES ('45', '59', '243.03', '11365.17');
INSERT INTO WORKOUT_USAGE (usage_id, dur_time, exercise, moving_distance) VALUES ('46', '8', '40.93', '1590');
INSERT INTO WORKOUT_USAGE (usage_id, dur_time, exercise, moving_distance) VALUES ('47', '53', '85.99', '3340.6');
INSERT INTO WORKOUT_USAGE (usage_id, dur_time, exercise, moving_distance) VALUES ('48', '8', '25.23', '1080');
INSERT INTO WORKOUT_USAGE (usage_id, dur_time, exercise, moving_distance) VALUES ('49', '6', '36.63', '1250');
INSERT INTO WORKOUT_USAGE (usage_id, dur_time, exercise, moving_distance) VALUES ('50', '8', '44.9', '1273.88');
INSERT INTO WORKOUT_USAGE (usage_id, dur_time, exercise, moving_distance) VALUES ('51', '18', '54.14', '2790');
INSERT INTO WORKOUT_USAGE (usage_id, dur_time, exercise, moving_distance) VALUES ('52', '6', '17.7', '687.79');
INSERT INTO WORKOUT_USAGE (usage_id, dur_time, exercise, moving_distance) VALUES ('53', '25', '118.89', '4619');
INSERT INTO WORKOUT_USAGE (usage_id, dur_time, exercise, moving_distance) VALUES ('54', '22', '12.93', '510');
INSERT INTO WORKOUT_USAGE (usage_id, dur_time, exercise, moving_distance) VALUES ('55', '23', '97.55', '3790');
INSERT INTO WORKOUT_USAGE (usage_id, dur_time, exercise, moving_distance) VALUES ('56', '6', '11.33', '520');
INSERT INTO WORKOUT_USAGE (usage_id, dur_time, exercise, moving_distance) VALUES ('57', '7', '27.84', '950');
INSERT INTO WORKOUT_USAGE (usage_id, dur_time, exercise, moving_distance) VALUES ('58', '18', '74.91', '2910.08');
INSERT INTO WORKOUT_USAGE (usage_id, dur_time, exercise, moving_distance) VALUES ('59', '4', '10.87', '610');
INSERT INTO WORKOUT_USAGE (usage_id, dur_time, exercise, moving_distance) VALUES ('60', '5', '48.31', '1220');
INSERT INTO WORKOUT_USAGE (usage_id, dur_time, exercise, moving_distance) VALUES ('61', '11', '51.2', '2229');
INSERT INTO WORKOUT_USAGE (usage_id, dur_time, exercise, moving_distance) VALUES ('62', '12', '72.26', '2570');
INSERT INTO WORKOUT_USAGE (usage_id, dur_time, exercise, moving_distance) VALUES ('63', '27', '104.09', '5326.74');
INSERT INTO WORKOUT_USAGE (usage_id, dur_time, exercise, moving_distance) VALUES ('64', '10', '27.08', '1243.49');
INSERT INTO WORKOUT_USAGE (usage_id, dur_time, exercise, moving_distance) VALUES ('65', '5', '15.4', '617.42');
INSERT INTO WORKOUT_USAGE (usage_id, dur_time, exercise, moving_distance) VALUES ('66', '15', '39.48', '1557.73');
INSERT INTO WORKOUT_USAGE (usage_id, dur_time, exercise, moving_distance) VALUES ('67', '7', '26.79', '1503.4');
INSERT INTO WORKOUT_USAGE (usage_id, dur_time, exercise, moving_distance) VALUES ('68', '77', '275.46', '9274.77');
INSERT INTO WORKOUT_USAGE (usage_id, dur_time, exercise, moving_distance) VALUES ('69', '13', '64.15', '1620');
INSERT INTO WORKOUT_USAGE (usage_id, dur_time, exercise, moving_distance) VALUES ('70', '27', '112.76', '4520');
INSERT INTO WORKOUT_USAGE (usage_id, dur_time, exercise, moving_distance) VALUES ('71', '9', '65.34', '2750');
INSERT INTO WORKOUT_USAGE (usage_id, dur_time, exercise, moving_distance) VALUES ('72', '2', '23.17', '900');
INSERT INTO WORKOUT_USAGE (usage_id, dur_time, exercise, moving_distance) VALUES ('73', '2', '16.96', '680');
INSERT INTO WORKOUT_USAGE (usage_id, dur_time, exercise, moving_distance) VALUES ('74', '8', '20.5', '1035.47');
INSERT INTO WORKOUT_USAGE (usage_id, dur_time, exercise, moving_distance) VALUES ('75', '9', '36.57', '1420.56');
INSERT INTO WORKOUT_USAGE (usage_id, dur_time, exercise, moving_distance) VALUES ('76', '2', '10.26', '540');
INSERT INTO WORKOUT_USAGE (usage_id, dur_time, exercise, moving_distance) VALUES ('77', '1', '10.77', '340');
INSERT INTO WORKOUT_USAGE (usage_id, dur_time, exercise, moving_distance) VALUES ('78', '34', '195.88', '3610');
INSERT INTO WORKOUT_USAGE (usage_id, dur_time, exercise, moving_distance) VALUES ('79', '96', '369.63', '12360');
INSERT INTO WORKOUT_USAGE (usage_id, dur_time, exercise, moving_distance) VALUES ('80', '65', '113.22', '5940');
INSERT INTO WORKOUT_USAGE (usage_id, dur_time, exercise, moving_distance) VALUES ('81', '119', '75.93', '2950');
INSERT INTO WORKOUT_USAGE (usage_id, dur_time, exercise, moving_distance) VALUES ('82', '13', '49.84', '2420');
INSERT INTO WORKOUT_USAGE (usage_id, dur_time, exercise, moving_distance) VALUES ('83', '1', '0', '0');
INSERT INTO WORKOUT_USAGE (usage_id, dur_time, exercise, moving_distance) VALUES ('84', '12', '33.45', '1408');
INSERT INTO WORKOUT_USAGE (usage_id, dur_time, exercise, moving_distance) VALUES ('85', '15', '46.82', '1819.07');
INSERT INTO WORKOUT_USAGE (usage_id, dur_time, exercise, moving_distance) VALUES ('86', '4', '2.65', '88.15');
INSERT INTO WORKOUT_USAGE (usage_id, dur_time, exercise, moving_distance) VALUES ('87', '10', '42.66', '1739.46');
INSERT INTO WORKOUT_USAGE (usage_id, dur_time, exercise, moving_distance) VALUES ('88', '19', '60.55', '2316.41');
INSERT INTO WORKOUT_USAGE (usage_id, dur_time, exercise, moving_distance) VALUES ('89', '20', '168.47', '4780');
INSERT INTO WORKOUT_USAGE (usage_id, dur_time, exercise, moving_distance) VALUES ('90', '25', '106.2', '4125.68');
INSERT INTO WORKOUT_USAGE (usage_id, dur_time, exercise, moving_distance) VALUES ('91', '6', '37.07', '1248');
INSERT INTO WORKOUT_USAGE (usage_id, dur_time, exercise, moving_distance) VALUES ('92', '40', '96.53', '3750');
INSERT INTO WORKOUT_USAGE (usage_id, dur_time, exercise, moving_distance) VALUES ('93', '4', '21.34', '980');
INSERT INTO WORKOUT_USAGE (usage_id, dur_time, exercise, moving_distance) VALUES ('94', '14', '43.51', '1765.45');
INSERT INTO WORKOUT_USAGE (usage_id, dur_time, exercise, moving_distance) VALUES ('95', '9', '25.48', '990');
INSERT INTO WORKOUT_USAGE (usage_id, dur_time, exercise, moving_distance) VALUES ('96', '7', '32.25', '1252.77');
INSERT INTO WORKOUT_USAGE (usage_id, dur_time, exercise, moving_distance) VALUES ('97', '15', '4.77', '2008.65');
INSERT INTO WORKOUT_USAGE (usage_id, dur_time, exercise, moving_distance) VALUES ('98', '10', '27.06', '1265.27');
INSERT INTO WORKOUT_USAGE (usage_id, dur_time, exercise, moving_distance) VALUES ('99', '2', '9.27', '360');
INSERT INTO WORKOUT_USAGE (usage_id, dur_time, exercise, moving_distance) VALUES ('100', '3', '5.92', '230.15');

CREATE TABLE BIKE_BREAKDOWN (
    complaint_id INT PRIMARY KEY,
    bike_id INT,
    datetime DATETIME,
    reason_to_fix VARCHAR(3)
);

INSERT INTO BIKE_BREAKDOWN (complaint_id, bike_id, datetime, reason_to_fix) VALUES ('1', '14234', '2023-06-04-3:34', '안장');
INSERT INTO BIKE_BREAKDOWN (complaint_id, bike_id, datetime, reason_to_fix) VALUES ('2', '40336', '2023-06-07-13:33', '페달');
INSERT INTO BIKE_BREAKDOWN (complaint_id, bike_id, datetime, reason_to_fix) VALUES ('3', '41393', '2023-06-20-8:58', '타이어');
INSERT INTO BIKE_BREAKDOWN (complaint_id, bike_id, datetime, reason_to_fix) VALUES ('4', '32001', '2023-06-08-8:33', '단말기');
INSERT INTO BIKE_BREAKDOWN (complaint_id, bike_id, datetime, reason_to_fix) VALUES ('5', '63238', '2023-06-26-0:34', '체인');
INSERT INTO BIKE_BREAKDOWN (complaint_id, bike_id, datetime, reason_to_fix) VALUES ('6', '38743', '2023-06-24-8:16', '안장');
INSERT INTO BIKE_BREAKDOWN (complaint_id, bike_id, datetime, reason_to_fix) VALUES ('7', '71526', '2023-06-16-3:02', '타이어');
INSERT INTO BIKE_BREAKDOWN (complaint_id, bike_id, datetime, reason_to_fix) VALUES ('8', '79407', '2023-06-25-6:34', '체인');
INSERT INTO BIKE_BREAKDOWN (complaint_id, bike_id, datetime, reason_to_fix) VALUES ('9', '90940', '2023-06-13-10:33', '타이어');
INSERT INTO BIKE_BREAKDOWN (complaint_id, bike_id, datetime, reason_to_fix) VALUES ('10', '33941', '2023-06-22-1:24', '타이어');
INSERT INTO BIKE_BREAKDOWN (complaint_id, bike_id, datetime, reason_to_fix) VALUES ('11', '18415', '2023-06-03-9:07', '체인');
INSERT INTO BIKE_BREAKDOWN (complaint_id, bike_id, datetime, reason_to_fix) VALUES ('12', '26149', '2023-06-10-18:12', '기타');
INSERT INTO BIKE_BREAKDOWN (complaint_id, bike_id, datetime, reason_to_fix) VALUES ('13', '68859', '2023-06-10-15:01', '체인');
INSERT INTO BIKE_BREAKDOWN (complaint_id, bike_id, datetime, reason_to_fix) VALUES ('14', '73361', '2023-06-25-13:42', '안장');
INSERT INTO BIKE_BREAKDOWN (complaint_id, bike_id, datetime, reason_to_fix) VALUES ('15', '33927', '2023-06-17-14:08', '단말기');
INSERT INTO BIKE_BREAKDOWN (complaint_id, bike_id, datetime, reason_to_fix) VALUES ('16', '96661', '2023-06-02-6:10', '체인');
INSERT INTO BIKE_BREAKDOWN (complaint_id, bike_id, datetime, reason_to_fix) VALUES ('17', '92335', '2023-06-17-9:00', '안장');
INSERT INTO BIKE_BREAKDOWN (complaint_id, bike_id, datetime, reason_to_fix) VALUES ('18', '62166', '2023-06-16-19:42', '기타');
INSERT INTO BIKE_BREAKDOWN (complaint_id, bike_id, datetime, reason_to_fix) VALUES ('19', '34086', '2023-06-21-16:51', '기타');
INSERT INTO BIKE_BREAKDOWN (complaint_id, bike_id, datetime, reason_to_fix) VALUES ('20', '31282', '2023-06-24-13:37', '체인');

INSERT INTO BIKE_BREAKDOWN (complaint_id, bike_id, datetime, reason_to_fix) VALUES ('21', '28626', '2023-06-08-23:23', '타이어');
INSERT INTO BIKE_BREAKDOWN (complaint_id, bike_id, datetime, reason_to_fix) VALUES ('22', '38064', '2023-06-17-22:47', '단말기');
INSERT INTO BIKE_BREAKDOWN (complaint_id, bike_id, datetime, reason_to_fix) VALUES ('23', '75725', '2023-06-28-6:13', '타이어');
INSERT INTO BIKE_BREAKDOWN (complaint_id, bike_id, datetime, reason_to_fix) VALUES ('24', '52289', '2023-06-15-11:51', '체인');
INSERT INTO BIKE_BREAKDOWN (complaint_id, bike_id, datetime, reason_to_fix) VALUES ('25', '19429', '2023-06-16-5:25', '기타');
INSERT INTO BIKE_BREAKDOWN (complaint_id, bike_id, datetime, reason_to_fix) VALUES ('26', '39603', '2023-06-08-12:41', '페달');
INSERT INTO BIKE_BREAKDOWN (complaint_id, bike_id, datetime, reason_to_fix) VALUES ('27', '13444', '2023-06-03-23:10', '타이어');
INSERT INTO BIKE_BREAKDOWN (complaint_id, bike_id, datetime, reason_to_fix) VALUES ('28', '40983', '2023-06-10-3:30', '안장');
INSERT INTO BIKE_BREAKDOWN (complaint_id, bike_id, datetime, reason_to_fix) VALUES ('29', '22394', '2023-06-29-9:02', '타이어');
INSERT INTO BIKE_BREAKDOWN (complaint_id, bike_id, datetime, reason_to_fix) VALUES ('30', '66512', '2023-06-29-15:44', '페달');
INSERT INTO BIKE_BREAKDOWN (complaint_id, bike_id, datetime, reason_to_fix) VALUES ('31', '10301', '2023-06-26-18:04', '기타');
INSERT INTO BIKE_BREAKDOWN (complaint_id, bike_id, datetime, reason_to_fix) VALUES ('32', '15496', '2023-06-05-2:52', '단말기');
INSERT INTO BIKE_BREAKDOWN (complaint_id, bike_id, datetime, reason_to_fix) VALUES ('33', '59323', '2023-06-16-7:41', '기타');
INSERT INTO BIKE_BREAKDOWN (complaint_id, bike_id, datetime, reason_to_fix) VALUES ('34', '65444', '2023-06-17-22:40', '단말기');
INSERT INTO BIKE_BREAKDOWN (complaint_id, bike_id, datetime, reason_to_fix) VALUES ('35', '89437', '2023-06-27-23:00', '기타');
INSERT INTO BIKE_BREAKDOWN (complaint_id, bike_id, datetime, reason_to_fix) VALUES ('36', '94018', '2023-06-03-15:00', '안장');
INSERT INTO BIKE_BREAKDOWN (complaint_id, bike_id, datetime, reason_to_fix) VALUES ('37', '76523', '2023-06-01-12:00', '안장');
INSERT INTO BIKE_BREAKDOWN (complaint_id, bike_id, datetime, reason_to_fix) VALUES ('38', '84274', '2023-06-07-22:04', '체인');
INSERT INTO BIKE_BREAKDOWN (complaint_id, bike_id, datetime, reason_to_fix) VALUES ('39', '69029', '2023-06-22-4:32', '기타');
INSERT INTO BIKE_BREAKDOWN (complaint_id, bike_id, datetime, reason_to_fix) VALUES ('40', '80176', '2023-06-29-16:55', '타이어');

INSERT INTO BIKE_BREAKDOWN (complaint_id, bike_id, datetime, reason_to_fix) VALUES ('41', '39200', '2023-06-02-4:51', '체인');
INSERT INTO BIKE_BREAKDOWN (complaint_id, bike_id, datetime, reason_to_fix) VALUES ('42', '53403', '2023-06-09-19:41', '체인');
INSERT INTO BIKE_BREAKDOWN (complaint_id, bike_id, datetime, reason_to_fix) VALUES ('43', '53410', '2023-06-09-22:54', '페달');
INSERT INTO BIKE_BREAKDOWN (complaint_id, bike_id, datetime, reason_to_fix) VALUES ('44', '83020', '2023-06-26-0:40', '안장');
INSERT INTO BIKE_BREAKDOWN (complaint_id, bike_id, datetime, reason_to_fix) VALUES ('45', '86849', '2023-06-07-14:43', '기타');
INSERT INTO BIKE_BREAKDOWN (complaint_id, bike_id, datetime, reason_to_fix) VALUES ('46', '61588', '2023-06-14-6:56', '안장');
INSERT INTO BIKE_BREAKDOWN (complaint_id, bike_id, datetime, reason_to_fix) VALUES ('47', '33277', '2023-06-10-9:40', '안장');
INSERT INTO BIKE_BREAKDOWN (complaint_id, bike_id, datetime, reason_to_fix) VALUES ('48', '72270', '2023-06-27-4:36', '안장');
INSERT INTO BIKE_BREAKDOWN (complaint_id, bike_id, datetime, reason_to_fix) VALUES ('49', '43773', '2023-06-20-14:21', '안장');
INSERT INTO BIKE_BREAKDOWN (complaint_id, bike_id, datetime, reason_to_fix) VALUES ('50', '71453', '2023-06-17-16:13', '기타');
INSERT INTO BIKE_BREAKDOWN (complaint_id, bike_id, datetime, reason_to_fix) VALUES ('51', '16971', '2023-06-01-11:33', '기타');
INSERT INTO BIKE_BREAKDOWN (complaint_id, bike_id, datetime, reason_to_fix) VALUES ('52', '27484', '2023-06-29-6:46', '체인');
INSERT INTO BIKE_BREAKDOWN (complaint_id, bike_id, datetime, reason_to_fix) VALUES ('53', '38444', '2023-06-29-5:09', '단말기');
INSERT INTO BIKE_BREAKDOWN (complaint_id, bike_id, datetime, reason_to_fix) VALUES ('54', '91058', '2023-06-17-4:20', '기타');
INSERT INTO BIKE_BREAKDOWN (complaint_id, bike_id, datetime, reason_to_fix) VALUES ('55', '33817', '2023-06-10-3:16', '기타');
INSERT INTO BIKE_BREAKDOWN (complaint_id, bike_id, datetime, reason_to_fix) VALUES ('56', '86624', '2023-06-23-21:59', '안장');
INSERT INTO BIKE_BREAKDOWN (complaint_id, bike_id, datetime, reason_to_fix) VALUES ('57', '19572', '2023-06-04-22:29', '안장');
INSERT INTO BIKE_BREAKDOWN (complaint_id, bike_id, datetime, reason_to_fix) VALUES ('58', '92977', '2023-06-04-14:38', '타이어');
INSERT INTO BIKE_BREAKDOWN (complaint_id, bike_id, datetime, reason_to_fix) VALUES ('59', '90567', '2023-06-17-9:53', '체인');
INSERT INTO BIKE_BREAKDOWN (complaint_id, bike_id, datetime, reason_to_fix) VALUES ('60', '48241', '2023-06-12-5:13', '체인');

INSERT INTO BIKE_BREAKDOWN (complaint_id, bike_id, datetime, reason_to_fix) VALUES ('61', '29077', '2023-06-19-12:34', '안장');
INSERT INTO BIKE_BREAKDOWN (complaint_id, bike_id, datetime, reason_to_fix) VALUES ('62', '56220', '2023-06-04-3:21', '안장');
INSERT INTO BIKE_BREAKDOWN (complaint_id, bike_id, datetime, reason_to_fix) VALUES ('63', '74648', '2023-06-30-21:32', '안장');
INSERT INTO BIKE_BREAKDOWN (complaint_id, bike_id, datetime, reason_to_fix) VALUES ('64', '48913', '2023-06-06-2:33', '체인');
INSERT INTO BIKE_BREAKDOWN (complaint_id, bike_id, datetime, reason_to_fix) VALUES ('65', '90877', '2023-06-27-7:30', '기타');
INSERT INTO BIKE_BREAKDOWN (complaint_id, bike_id, datetime, reason_to_fix) VALUES ('66', '87325', '2023-06-26-2:56', '타이어');
INSERT INTO BIKE_BREAKDOWN (complaint_id, bike_id, datetime, reason_to_fix) VALUES ('67', '37465', '2023-06-26-17:11', '기타');
INSERT INTO BIKE_BREAKDOWN (complaint_id, bike_id, datetime, reason_to_fix) VALUES ('68', '32679', '2023-06-06-21:01', '체인');
INSERT INTO BIKE_BREAKDOWN (complaint_id, bike_id, datetime, reason_to_fix) VALUES ('69', '18273', '2023-06-24-11:25', '페달');
INSERT INTO BIKE_BREAKDOWN (complaint_id, bike_id, datetime, reason_to_fix) VALUES ('70', '87449', '2023-06-18-11:25', '기타');
INSERT INTO BIKE_BREAKDOWN (complaint_id, bike_id, datetime, reason_to_fix) VALUES ('71', '37568', '2023-06-16-20:08', '타이어');
INSERT INTO BIKE_BREAKDOWN (complaint_id, bike_id, datetime, reason_to_fix) VALUES ('72', '62140', '2023-06-02-8:55', '체인');
INSERT INTO BIKE_BREAKDOWN (complaint_id, bike_id, datetime, reason_to_fix) VALUES ('73', '61815', '2023-06-04-12:40', '체인');
INSERT INTO BIKE_BREAKDOWN (complaint_id, bike_id, datetime, reason_to_fix) VALUES ('74', '11906', '2023-06-09-12:25', '안장');
INSERT INTO BIKE_BREAKDOWN (complaint_id, bike_id, datetime, reason_to_fix) VALUES ('75', '10422', '2023-06-01-1:02', '기타');
INSERT INTO BIKE_BREAKDOWN (complaint_id, bike_id, datetime, reason_to_fix) VALUES ('76', '18206', '2023-06-24-10:44', '기타');
INSERT INTO BIKE_BREAKDOWN (complaint_id, bike_id, datetime, reason_to_fix) VALUES ('77', '71786', '2023-06-06-12:53', '안장');
INSERT INTO BIKE_BREAKDOWN (complaint_id, bike_id, datetime, reason_to_fix) VALUES ('78', '50700', '2023-06-01-23:16', '기타');
INSERT INTO BIKE_BREAKDOWN (complaint_id, bike_id, datetime, reason_to_fix) VALUES ('79', '64475', '2023-06-05-0:42', '기타');
INSERT INTO BIKE_BREAKDOWN (complaint_id, bike_id, datetime, reason_to_fix) VALUES ('80', '69336', '2023-06-02-22:13', '안장');

INSERT INTO BIKE_BREAKDOWN (complaint_id, bike_id, datetime, reason_to_fix) VALUES ('81', '78339', '2023-06-17-11:31', '페달');
INSERT INTO BIKE_BREAKDOWN (complaint_id, bike_id, datetime, reason_to_fix) VALUES ('82', '84147', '2023-06-12-18:17', '안장');
INSERT INTO BIKE_BREAKDOWN (complaint_id, bike_id, datetime, reason_to_fix) VALUES ('83', '79286', '2023-06-09-18:35', '기타');
INSERT INTO BIKE_BREAKDOWN (complaint_id, bike_id, datetime, reason_to_fix) VALUES ('84', '75589', '2023-06-02-8:56', '타이어');
INSERT INTO BIKE_BREAKDOWN (complaint_id, bike_id, datetime, reason_to_fix) VALUES ('85', '73910', '2023-06-28-22:01', '기타');
INSERT INTO BIKE_BREAKDOWN (complaint_id, bike_id, datetime, reason_to_fix) VALUES ('86', '50319', '2023-06-14-5:32', '체인');
INSERT INTO BIKE_BREAKDOWN (complaint_id, bike_id, datetime, reason_to_fix) VALUES ('87', '73082', '2023-06-12-23:04', '기타');
INSERT INTO BIKE_BREAKDOWN (complaint_id, bike_id, datetime, reason_to_fix) VALUES ('88', '41072', '2023-06-24-11:26', '기타');
INSERT INTO BIKE_BREAKDOWN (complaint_id, bike_id, datetime, reason_to_fix) VALUES ('89', '93353', '2023-06-18-21:30', '기타');
INSERT INTO BIKE_BREAKDOWN (complaint_id, bike_id, datetime, reason_to_fix) VALUES ('90', '17358', '2023-06-03-5:53', '타이어');
INSERT INTO BIKE_BREAKDOWN (complaint_id, bike_id, datetime, reason_to_fix) VALUES ('91', '67060', '2023-06-28-0:33', '체인');
INSERT INTO BIKE_BREAKDOWN (complaint_id, bike_id, datetime, reason_to_fix) VALUES ('92', '83067', '2023-06-01-19:05', '단말기');
INSERT INTO BIKE_BREAKDOWN (complaint_id, bike_id, datetime, reason_to_fix) VALUES ('93', '39977', '2023-06-21-13:35', '페달');
INSERT INTO BIKE_BREAKDOWN (complaint_id, bike_id, datetime, reason_to_fix) VALUES ('94', '76753', '2023-06-05-16:58', '타이어');
INSERT INTO BIKE_BREAKDOWN (complaint_id, bike_id, datetime, reason_to_fix) VALUES ('95', '32288', '2023-06-07-9:54', '안장');
INSERT INTO BIKE_BREAKDOWN (complaint_id, bike_id, datetime, reason_to_fix) VALUES ('96', '41269', '2023-06-28-17:11', '안장');
INSERT INTO BIKE_BREAKDOWN (complaint_id, bike_id, datetime, reason_to_fix) VALUES ('97', '99367', '2023-06-09-22:49', '기타');
INSERT INTO BIKE_BREAKDOWN (complaint_id, bike_id, datetime, reason_to_fix) VALUES ('98', '95140', '2023-06-21-12:19', '체인');
INSERT INTO BIKE_BREAKDOWN (complaint_id, bike_id, datetime, reason_to_fix) VALUES ('99', '82553', '2023-06-27-0:54', '단말기');
INSERT INTO BIKE_BREAKDOWN (complaint_id, bike_id, datetime, reason_to_fix) VALUES ('100', '72660', '2023-06-12-0:25', '기타');

CREATE TABLE BIKE_FIX (
    complaint_id INT PRIMARY KEY,
    bike_id INT,
    return_datetime DATETIME,
    return_station INT,
    FOREIGN KEY (complaint_id) REFERENCES BIKE_BREAKDOWN(complaint_id) ON DELETE CASCADE,
    FOREIGN KEY (return_station) REFERENCES STATION(station_id) ON DELETE CASCADE
);

INSERT INTO BIKE_FIX (complaint_id, bike_id, return_datetime, return_station) VALUES ('1', '14234', '2023-06-08-17:34', '4797');
INSERT INTO BIKE_FIX (complaint_id, bike_id, return_datetime, return_station) VALUES ('2', '40336', '2023-06-13-02:33', '2293');
INSERT INTO BIKE_FIX (complaint_id, bike_id, return_datetime, return_station) VALUES ('3', '41393', '2023-06-26-10:58', '1540');
INSERT INTO BIKE_FIX (complaint_id, bike_id, return_datetime, return_station) VALUES ('4', '32001', '2023-06-15-19:33', '3787');
INSERT INTO BIKE_FIX (complaint_id, bike_id, return_datetime, return_station) VALUES ('5', '63238', '2023-07-02-07:34', '321');
INSERT INTO BIKE_FIX (complaint_id, bike_id, return_datetime, return_station) VALUES ('6', '38743', '2023-06-28-05:16', '1158');
INSERT INTO BIKE_FIX (complaint_id, bike_id, return_datetime, return_station) VALUES ('7', '71526', '2023-06-21-17:02', '2369');
INSERT INTO BIKE_FIX (complaint_id, bike_id, return_datetime, return_station) VALUES ('8', '79407', '2023-06-30-14:34', '184');
INSERT INTO BIKE_FIX (complaint_id, bike_id, return_datetime, return_station) VALUES ('9', '90940', '2023-06-18-11:33', '184');
INSERT INTO BIKE_FIX (complaint_id, bike_id, return_datetime, return_station) VALUES ('10', '33941', '2023-06-28-02:24', '1158');
INSERT INTO BIKE_FIX (complaint_id, bike_id, return_datetime, return_station) VALUES ('11', '18415', '2023-06-11-01:07', '217');
INSERT INTO BIKE_FIX (complaint_id, bike_id, return_datetime, return_station) VALUES ('12', '26149', '2023-06-15-06:12', '1352');
INSERT INTO BIKE_FIX (complaint_id, bike_id, return_datetime, return_station) VALUES ('13', '68859', '2023-06-14-06:01', '4367');
INSERT INTO BIKE_FIX (complaint_id, bike_id, return_datetime, return_station) VALUES ('14', '73361', '2023-07-02-23:42', '3683');
INSERT INTO BIKE_FIX (complaint_id, bike_id, return_datetime, return_station) VALUES ('15', '33927', '2023-06-23-22:08', '637');
INSERT INTO BIKE_FIX (complaint_id, bike_id, return_datetime, return_station) VALUES ('16', '96661', '2023-06-06-19:10', '4541');
INSERT INTO BIKE_FIX (complaint_id, bike_id, return_datetime, return_station) VALUES ('17', '92335', '2023-06-22-06:00', '368');
INSERT INTO BIKE_FIX (complaint_id, bike_id, return_datetime, return_station) VALUES ('18', '62166', '2023-06-22-12:42', '1073');
INSERT INTO BIKE_FIX (complaint_id, bike_id, return_datetime, return_station) VALUES ('19', '34086', '2023-06-29-10:51', '4564');
INSERT INTO BIKE_FIX (complaint_id, bike_id, return_datetime, return_station) VALUES ('20', '31282', '2023-07-01-21:37', '3812');

INSERT INTO BIKE_FIX (complaint_id, bike_id, return_datetime, return_station) VALUES ('21', '28626', '2023-06-13-05:23', '1637');
INSERT INTO BIKE_FIX (complaint_id, bike_id, return_datetime, return_station) VALUES ('22', '38064', '2023-06-21-18:47', '321');
INSERT INTO BIKE_FIX (complaint_id, bike_id, return_datetime, return_station) VALUES ('23', '75725', '2023-07-02-00:13', '4329');
INSERT INTO BIKE_FIX (complaint_id, bike_id, return_datetime, return_station) VALUES ('24', '52289', '2023-06-21-20:51', '5857');
INSERT INTO BIKE_FIX (complaint_id, bike_id, return_datetime, return_station) VALUES ('25', '19429', '2023-06-22-05:25', '4685');
INSERT INTO BIKE_FIX (complaint_id, bike_id, return_datetime, return_station) VALUES ('26', '39603', '2023-06-13-07:41', '1158');
INSERT INTO BIKE_FIX (complaint_id, bike_id, return_datetime, return_station) VALUES ('27', '13444', '2023-06-08-23:10', '1198');
INSERT INTO BIKE_FIX (complaint_id, bike_id, return_datetime, return_station) VALUES ('28', '40983', '2023-06-17-07:30', '1257');
INSERT INTO BIKE_FIX (complaint_id, bike_id, return_datetime, return_station) VALUES ('29', '22394', '2023-07-06-02:02', '1637');
INSERT INTO BIKE_FIX (complaint_id, bike_id, return_datetime, return_station) VALUES ('30', '66512', '2023-07-06-01:44', '1841');
INSERT INTO BIKE_FIX (complaint_id, bike_id, return_datetime, return_station) VALUES ('31', '10301', '2023-07-01-03:04', '1257');
INSERT INTO BIKE_FIX (complaint_id, bike_id, return_datetime, return_station) VALUES ('32', '15496', '2023-06-12-20:52', '2369');
INSERT INTO BIKE_FIX (complaint_id, bike_id, return_datetime, return_station) VALUES ('33', '59323', '2023-06-21-18:41', '1257');
INSERT INTO BIKE_FIX (complaint_id, bike_id, return_datetime, return_station) VALUES ('34', '65444', '2023-06-24-20:40', '1198');
INSERT INTO BIKE_FIX (complaint_id, bike_id, return_datetime, return_station) VALUES ('35', '89437', '2023-07-02-20:00', '408');
INSERT INTO BIKE_FIX (complaint_id, bike_id, return_datetime, return_station) VALUES ('36', '94018', '2023-06-08-11:00', '1540');
INSERT INTO BIKE_FIX (complaint_id, bike_id, return_datetime, return_station) VALUES ('37', '76523', '2023-06-08-08:00', '2506');
INSERT INTO BIKE_FIX (complaint_id, bike_id, return_datetime, return_station) VALUES ('38', '84274', '2023-06-15-02:04', '637');
INSERT INTO BIKE_FIX (complaint_id, bike_id, return_datetime, return_station) VALUES ('39', '69029', '2023-06-27-20:32', '2137');
INSERT INTO BIKE_FIX (complaint_id, bike_id, return_datetime, return_station) VALUES ('40', '80176', '2023-07-06-14:55', '435');

INSERT INTO BIKE_FIX (complaint_id, bike_id, return_datetime, return_station) VALUES ('41', '39200', '2023-06-06-16:51', '4797');
INSERT INTO BIKE_FIX (complaint_id, bike_id, return_datetime, return_station) VALUES ('42', '53403', '2023-06-17-14:41', '1854');
INSERT INTO BIKE_FIX (complaint_id, bike_id, return_datetime, return_station) VALUES ('43', '53410', '2023-06-17-20:54', '170');
INSERT INTO BIKE_FIX (complaint_id, bike_id, return_datetime, return_station) VALUES ('44', '83020', '2023-07-03-09:40', '213');
INSERT INTO BIKE_FIX (complaint_id, bike_id, return_datetime, return_station) VALUES ('45', '86849', '2023-06-11-09:43', '2506');
INSERT INTO BIKE_FIX (complaint_id, bike_id, return_datetime, return_station) VALUES ('46', '61588', '2023-06-18-07:56', '4329');
INSERT INTO BIKE_FIX (complaint_id, bike_id, return_datetime, return_station) VALUES ('47', '33277', '2023-06-17-02:40', '166');
INSERT INTO BIKE_FIX (complaint_id, bike_id, return_datetime, return_station) VALUES ('48', '72270', '2023-07-02-03:36', '411');
INSERT INTO BIKE_FIX (complaint_id, bike_id, return_datetime, return_station) VALUES ('49', '43773', '2023-06-24-11:21', '2284');
INSERT INTO BIKE_FIX (complaint_id, bike_id, return_datetime, return_station) VALUES ('50', '71453', '2023-06-25-05:13', '166');
INSERT INTO BIKE_FIX (complaint_id, bike_id, return_datetime, return_station) VALUES ('51', '16971', '2023-06-04-17:33', '1841');
INSERT INTO BIKE_FIX (complaint_id, bike_id, return_datetime, return_station) VALUES ('52', '27484', '2023-07-06-03:46', '4564');
INSERT INTO BIKE_FIX (complaint_id, bike_id, return_datetime, return_station) VALUES ('53', '38444', '2023-07-03-08:09', '1121');
INSERT INTO BIKE_FIX (complaint_id, bike_id, return_datetime, return_station) VALUES ('54', '91058', '2023-06-21-14:20', '4589');
INSERT INTO BIKE_FIX (complaint_id, bike_id, return_datetime, return_station) VALUES ('55', '33817', '2023-06-15-06:16', '2363');
INSERT INTO BIKE_FIX (complaint_id, bike_id, return_datetime, return_station) VALUES ('56', '86624', '2023-07-01-06:59', '2363');
INSERT INTO BIKE_FIX (complaint_id, bike_id, return_datetime, return_station) VALUES ('57', '19572', '2023-06-11-07:29', '179');
INSERT INTO BIKE_FIX (complaint_id, bike_id, return_datetime, return_station) VALUES ('58', '92977', '2023-06-11-05:38', '4905');
INSERT INTO BIKE_FIX (complaint_id, bike_id, return_datetime, return_station) VALUES ('59', '90567', '2023-06-23-15:53', '5089');
INSERT INTO BIKE_FIX (complaint_id, bike_id, return_datetime, return_station) VALUES ('60', '48241', '2023-06-18-14:13', '4458');

INSERT INTO BIKE_FIX (complaint_id, bike_id, return_datetime, return_station) VALUES ('61', '29077', '2023-06-25-23:34', '4462');
INSERT INTO BIKE_FIX (complaint_id, bike_id, return_datetime, return_station) VALUES ('62', '56220', '2023-06-08-19:21', '4676');
INSERT INTO BIKE_FIX (complaint_id, bike_id, return_datetime, return_station) VALUES ('63', '74648', '2023-07-08-12:32', '2293');
INSERT INTO BIKE_FIX (complaint_id, bike_id, return_datetime, return_station) VALUES ('64', '48913', '2023-06-11-16:33', '3812');
INSERT INTO BIKE_FIX (complaint_id, bike_id, return_datetime, return_station) VALUES ('65', '90877', '2023-06-30-11:30', '1158');
INSERT INTO BIKE_FIX (complaint_id, bike_id, return_datetime, return_station) VALUES ('66', '87325', '2023-07-03-10:56', '907');
INSERT INTO BIKE_FIX (complaint_id, bike_id, return_datetime, return_station) VALUES ('67', '37465', '2023-06-30-01:11', '1858');
INSERT INTO BIKE_FIX (complaint_id, bike_id, return_datetime, return_station) VALUES ('68', '32679', '2023-06-10-20:01', '1858');
INSERT INTO BIKE_FIX (complaint_id, bike_id, return_datetime, return_station) VALUES ('69', '18273', '2023-07-02-03:25', '1352');
INSERT INTO BIKE_FIX (complaint_id, bike_id, return_datetime, return_station) VALUES ('70', '87449', '2023-06-23-23:25', '179');
INSERT INTO BIKE_FIX (complaint_id, bike_id, return_datetime, return_station) VALUES ('71', '37568', '2023-06-20-04:08', '4905');
INSERT INTO BIKE_FIX (complaint_id, bike_id, return_datetime, return_station) VALUES ('72', '62140', '2023-06-08-02:55', '179');
INSERT INTO BIKE_FIX (complaint_id, bike_id, return_datetime, return_station) VALUES ('73', '61815', '2023-06-10-13:40', '3775');
INSERT INTO BIKE_FIX (complaint_id, bike_id, return_datetime, return_station) VALUES ('74', '11906', '2023-06-15-06:25', '412');
INSERT INTO BIKE_FIX (complaint_id, bike_id, return_datetime, return_station) VALUES ('75', '10422', '2023-06-08-17:02', '3683');
INSERT INTO BIKE_FIX (complaint_id, bike_id, return_datetime, return_station) VALUES ('76', '18206', '2023-06-30-05:44', '1854');
INSERT INTO BIKE_FIX (complaint_id, bike_id, return_datetime, return_station) VALUES ('77', '71786', '2023-06-14-00:53', '4676');
INSERT INTO BIKE_FIX (complaint_id, bike_id, return_datetime, return_station) VALUES ('78', '50700', '2023-06-05-05:16', '1257');
INSERT INTO BIKE_FIX (complaint_id, bike_id, return_datetime, return_station) VALUES ('79', '64475', '2023-06-12-08:42', '4214');
INSERT INTO BIKE_FIX (complaint_id, bike_id, return_datetime, return_station) VALUES ('80', '69336', '2023-06-07-15:13', '2305');

INSERT INTO BIKE_FIX (complaint_id, bike_id, return_datetime, return_station) VALUES ('81', '78339', '2023-06-20-21:31', '1540');
INSERT INTO BIKE_FIX (complaint_id, bike_id, return_datetime, return_station) VALUES ('82', '84147', '2023-06-19-11:17', '411');
INSERT INTO BIKE_FIX (complaint_id, bike_id, return_datetime, return_station) VALUES ('83', '79286', '2023-06-15-03:35', '4468');
INSERT INTO BIKE_FIX (complaint_id, bike_id, return_datetime, return_station) VALUES ('84', '75589', '2023-06-08-15:56', '1809');
INSERT INTO BIKE_FIX (complaint_id, bike_id, return_datetime, return_station) VALUES ('85', '73910', '2023-07-02-05:01', '1637');
INSERT INTO BIKE_FIX (complaint_id, bike_id, return_datetime, return_station) VALUES ('86', '50319', '2023-06-19-15:32', '4474');
INSERT INTO BIKE_FIX (complaint_id, bike_id, return_datetime, return_station) VALUES ('87', '73082', '2023-06-17-08:04', '4480');
INSERT INTO BIKE_FIX (complaint_id, bike_id, return_datetime, return_station) VALUES ('88', '41072', '2023-06-28-04:26', '4462');
INSERT INTO BIKE_FIX (complaint_id, bike_id, return_datetime, return_station) VALUES ('89', '93353', '2023-06-22-16:30', '1854');
INSERT INTO BIKE_FIX (complaint_id, bike_id, return_datetime, return_station) VALUES ('90', '17358', '2023-06-08-09:53', '2510');
INSERT INTO BIKE_FIX (complaint_id, bike_id, return_datetime, return_station) VALUES ('91', '67060', '2023-07-05-04:33', '1749');
INSERT INTO BIKE_FIX (complaint_id, bike_id, return_datetime, return_station) VALUES ('92', '83067', '2023-06-07-03:05', '2614');
INSERT INTO BIKE_FIX (complaint_id, bike_id, return_datetime, return_station) VALUES ('93', '39977', '2023-06-29-01:35', '4908');
INSERT INTO BIKE_FIX (complaint_id, bike_id, return_datetime, return_station) VALUES ('94', '76753', '2023-06-09-21:58', '435');
INSERT INTO BIKE_FIX (complaint_id, bike_id, return_datetime, return_station) VALUES ('95', '32288', '2023-06-11-21:54', '4462');
INSERT INTO BIKE_FIX (complaint_id, bike_id, return_datetime, return_station) VALUES ('96', '41269', '2023-07-06-13:11', '723');
INSERT INTO BIKE_FIX (complaint_id, bike_id, return_datetime, return_station) VALUES ('97', '99367', '2023-06-14-14:49', '850');
INSERT INTO BIKE_FIX (complaint_id, bike_id, return_datetime, return_station) VALUES ('98', '95140', '2023-06-25-06:19', '4329');
INSERT INTO BIKE_FIX (complaint_id, bike_id, return_datetime, return_station) VALUES ('99', '82553', '2023-07-02-04:54', '1198');
INSERT INTO BIKE_FIX (complaint_id, bike_id, return_datetime, return_station) VALUES ('100', '72660', '2023-06-17-19:25', '2506');

CREATE TABLE TICKET (
    usage_id INT PRIMARY KEY,
    ticket_type VARCHAR(3),
    number_uses INT,
    FOREIGN KEY (usage_id) REFERENCES RENT_HISTORY(usage_id) ON DELETE CASCADE
);

INSERT INTO TICKET (usage_id, ticket_type, number_uses) VALUES ('1', '정기권', '2');
INSERT INTO TICKET (usage_id, ticket_type, number_uses) VALUES ('2', '일일권', '4');
INSERT INTO TICKET (usage_id, ticket_type, number_uses) VALUES ('3', '정기권', '16');
INSERT INTO TICKET (usage_id, ticket_type, number_uses) VALUES ('4', '정기권', '23');
INSERT INTO TICKET (usage_id, ticket_type, number_uses) VALUES ('5', '정기권', '11');
INSERT INTO TICKET (usage_id, ticket_type, number_uses) VALUES ('6', '정기권', '16');
INSERT INTO TICKET (usage_id, ticket_type, number_uses) VALUES ('7', '정기권', '30');
INSERT INTO TICKET (usage_id, ticket_type, number_uses) VALUES ('8', '일일권', '3');
INSERT INTO TICKET (usage_id, ticket_type, number_uses) VALUES ('9', '일일권', '1');
INSERT INTO TICKET (usage_id, ticket_type, number_uses) VALUES ('10', '정기권', '13');
INSERT INTO TICKET (usage_id, ticket_type, number_uses) VALUES ('11', '일일권', '1');
INSERT INTO TICKET (usage_id, ticket_type, number_uses) VALUES ('12', '정기권', '22');
INSERT INTO TICKET (usage_id, ticket_type, number_uses) VALUES ('13', '일일권', '2');
INSERT INTO TICKET (usage_id, ticket_type, number_uses) VALUES ('14', '일일권', '2');
INSERT INTO TICKET (usage_id, ticket_type, number_uses) VALUES ('15', '정기권', '16');
INSERT INTO TICKET (usage_id, ticket_type, number_uses) VALUES ('16', '정기권', '17');
INSERT INTO TICKET (usage_id, ticket_type, number_uses) VALUES ('17', '일일권', '2');
INSERT INTO TICKET (usage_id, ticket_type, number_uses) VALUES ('18', '일일권', '1');
INSERT INTO TICKET (usage_id, ticket_type, number_uses) VALUES ('19', '정기권', '26');
INSERT INTO TICKET (usage_id, ticket_type, number_uses) VALUES ('20', '정기권', '12');

INSERT INTO TICKET (usage_id, ticket_type, number_uses) VALUES ('21', '일일권', '2');
INSERT INTO TICKET (usage_id, ticket_type, number_uses) VALUES ('22', '일일권', '3');
INSERT INTO TICKET (usage_id, ticket_type, number_uses) VALUES ('23', '일일권', '1');
INSERT INTO TICKET (usage_id, ticket_type, number_uses) VALUES ('24', '정기권', '12');
INSERT INTO TICKET (usage_id, ticket_type, number_uses) VALUES ('25', '일일권', '2');
INSERT INTO TICKET (usage_id, ticket_type, number_uses) VALUES ('26', '일일권', '2');
INSERT INTO TICKET (usage_id, ticket_type, number_uses) VALUES ('27', '일일권', '5');
INSERT INTO TICKET (usage_id, ticket_type, number_uses) VALUES ('28', '정기권', '23');
INSERT INTO TICKET (usage_id, ticket_type, number_uses) VALUES ('29', '정기권', '11');
INSERT INTO TICKET (usage_id, ticket_type, number_uses) VALUES ('30', '일일권', '1');
INSERT INTO TICKET (usage_id, ticket_type, number_uses) VALUES ('31', '일일권', '3');
INSERT INTO TICKET (usage_id, ticket_type, number_uses) VALUES ('32', '일일권', '4');
INSERT INTO TICKET (usage_id, ticket_type, number_uses) VALUES ('33', '일일권', '3');
INSERT INTO TICKET (usage_id, ticket_type, number_uses) VALUES ('34', '일일권', '2');
INSERT INTO TICKET (usage_id, ticket_type, number_uses) VALUES ('35', '일일권', '4');
INSERT INTO TICKET (usage_id, ticket_type, number_uses) VALUES ('36', '일일권', '4');
INSERT INTO TICKET (usage_id, ticket_type, number_uses) VALUES ('37', '정기권', '7');
INSERT INTO TICKET (usage_id, ticket_type, number_uses) VALUES ('38', '일일권', '2');
INSERT INTO TICKET (usage_id, ticket_type, number_uses) VALUES ('39', '일일권', '3');
INSERT INTO TICKET (usage_id, ticket_type, number_uses) VALUES ('40', '정기권', '23');

INSERT INTO TICKET (usage_id, ticket_type, number_uses) VALUES ('41', '일일권', '4');
INSERT INTO TICKET (usage_id, ticket_type, number_uses) VALUES ('42', '정기권', '1');
INSERT INTO TICKET (usage_id, ticket_type, number_uses) VALUES ('43', '일일권', '1');
INSERT INTO TICKET (usage_id, ticket_type, number_uses) VALUES ('44', '정기권', '6');
INSERT INTO TICKET (usage_id, ticket_type, number_uses) VALUES ('45', '정기권', '9');
INSERT INTO TICKET (usage_id, ticket_type, number_uses) VALUES ('46', '일일권', '1');
INSERT INTO TICKET (usage_id, ticket_type, number_uses) VALUES ('47', '정기권', '17');
INSERT INTO TICKET (usage_id, ticket_type, number_uses) VALUES ('48', '일일권', '1');
INSERT INTO TICKET (usage_id, ticket_type, number_uses) VALUES ('49', '일일권', '4');
INSERT INTO TICKET (usage_id, ticket_type, number_uses) VALUES ('50', '정기권', '1');
INSERT INTO TICKET (usage_id, ticket_type, number_uses) VALUES ('51', '정기권', '24');
INSERT INTO TICKET (usage_id, ticket_type, number_uses) VALUES ('52', '일일권', '3');
INSERT INTO TICKET (usage_id, ticket_type, number_uses) VALUES ('53', '일일권', '5');
INSERT INTO TICKET (usage_id, ticket_type, number_uses) VALUES ('54', '일일권', '5');
INSERT INTO TICKET (usage_id, ticket_type, number_uses) VALUES ('55', '정기권', '26');
INSERT INTO TICKET (usage_id, ticket_type, number_uses) VALUES ('56', '일일권', '4');
INSERT INTO TICKET (usage_id, ticket_type, number_uses) VALUES ('57', '일일권', '2');
INSERT INTO TICKET (usage_id, ticket_type, number_uses) VALUES ('58', '일일권', '5');
INSERT INTO TICKET (usage_id, ticket_type, number_uses) VALUES ('59', '일일권', '3');
INSERT INTO TICKET (usage_id, ticket_type, number_uses) VALUES ('60', '정기권', '5');

INSERT INTO TICKET (usage_id, ticket_type, number_uses) VALUES ('61', '일일권', '4');
INSERT INTO TICKET (usage_id, ticket_type, number_uses) VALUES ('62', '일일권', '3');
INSERT INTO TICKET (usage_id, ticket_type, number_uses) VALUES ('63', '정기권', '27');
INSERT INTO TICKET (usage_id, ticket_type, number_uses) VALUES ('64', '일일권', '2');
INSERT INTO TICKET (usage_id, ticket_type, number_uses) VALUES ('65', '정기권', '9');
INSERT INTO TICKET (usage_id, ticket_type, number_uses) VALUES ('66', '일일권', '2');
INSERT INTO TICKET (usage_id, ticket_type, number_uses) VALUES ('67', '정기권', '3');
INSERT INTO TICKET (usage_id, ticket_type, number_uses) VALUES ('68', '정기권', '11');
INSERT INTO TICKET (usage_id, ticket_type, number_uses) VALUES ('69', '일일권', '3');
INSERT INTO TICKET (usage_id, ticket_type, number_uses) VALUES ('70', '정기권', '14');
INSERT INTO TICKET (usage_id, ticket_type, number_uses) VALUES ('71', '일일권', '3');
INSERT INTO TICKET (usage_id, ticket_type, number_uses) VALUES ('72', '일일권', '1');
INSERT INTO TICKET (usage_id, ticket_type, number_uses) VALUES ('73', '일일권', '3');
INSERT INTO TICKET (usage_id, ticket_type, number_uses) VALUES ('74', '일일권', '5');
INSERT INTO TICKET (usage_id, ticket_type, number_uses) VALUES ('75', '정기권', '2');
INSERT INTO TICKET (usage_id, ticket_type, number_uses) VALUES ('76', '일일권', '2');
INSERT INTO TICKET (usage_id, ticket_type, number_uses) VALUES ('77', '일일권', '1');
INSERT INTO TICKET (usage_id, ticket_type, number_uses) VALUES ('78', '정기권', '1');
INSERT INTO TICKET (usage_id, ticket_type, number_uses) VALUES ('79', '일일권', '4');
INSERT INTO TICKET (usage_id, ticket_type, number_uses) VALUES ('80', '정기권', '5');

INSERT INTO TICKET (usage_id, ticket_type, number_uses) VALUES ('81', '일일권', '2');
INSERT INTO TICKET (usage_id, ticket_type, number_uses) VALUES ('82', '정기권', '4');
INSERT INTO TICKET (usage_id, ticket_type, number_uses) VALUES ('83', '일일권', '3');
INSERT INTO TICKET (usage_id, ticket_type, number_uses) VALUES ('84', '일일권', '5');
INSERT INTO TICKET (usage_id, ticket_type, number_uses) VALUES ('85', '정기권', '1');
INSERT INTO TICKET (usage_id, ticket_type, number_uses) VALUES ('86', '정기권', '2');
INSERT INTO TICKET (usage_id, ticket_type, number_uses) VALUES ('87', '정기권', '3');
INSERT INTO TICKET (usage_id, ticket_type, number_uses) VALUES ('88', '일일권', '1');
INSERT INTO TICKET (usage_id, ticket_type, number_uses) VALUES ('89', '일일권', '7');
INSERT INTO TICKET (usage_id, ticket_type, number_uses) VALUES ('90', '정기권', '1');
INSERT INTO TICKET (usage_id, ticket_type, number_uses) VALUES ('91', '정기권', '5');
INSERT INTO TICKET (usage_id, ticket_type, number_uses) VALUES ('92', '정기권', '9');
INSERT INTO TICKET (usage_id, ticket_type, number_uses) VALUES ('93', '정기권', '4');
INSERT INTO TICKET (usage_id, ticket_type, number_uses) VALUES ('94', '일일권', '4');
INSERT INTO TICKET (usage_id, ticket_type, number_uses) VALUES ('95', '일일권', '3');
INSERT INTO TICKET (usage_id, ticket_type, number_uses) VALUES ('96', '일일권', '2');
INSERT INTO TICKET (usage_id, ticket_type, number_uses) VALUES ('97', '정기권', '16');
INSERT INTO TICKET (usage_id, ticket_type, number_uses) VALUES ('98', '일일권', '3');
INSERT INTO TICKET (usage_id, ticket_type, number_uses) VALUES ('99', '일일권', '2');
INSERT INTO TICKET (usage_id, ticket_type, number_uses) VALUES ('100', '일일권', '1');

CREATE TABLE MEMBER (
    user_id INT PRIMARY KEY,
    joined_date DATE,
    FOREIGN KEY (user_id) REFERENCES USER(user_id) ON DELETE CASCADE
);

INSERT INTO `member`(`user_id`, `joined_date`) VALUES 
(1,'2023-05-01'),
(2,'2023-05-01'),
(3,'2023-05-01'),
(4, '2023-05-02'),
(5,'2023-05-02'),
(6,'2023-05-02'),
(7,'2023-05-02'),
(8,'2023-05-02'),
(9,'2023-05-02'),
(10,'2023-05-02'),
(11,'2023-05-02'),
(12,'2023-05-02'),
(13,'2023-05-03'),
(14,'2023-05-03'),
(15,'2023-05-03'),
(16,'2023-05-03'),
(17,'2023-05-03'),
(18,'2023-05-03'),
(19,'2023-05-03'),
(20,'2023-05-03'),
(21,'2023-05-03'),
(22,'2023-05-04'),
(23,'2023-05-04'),
(24,'2023-05-04'),
(25,'2023-05-05'),
(26,'2023-05-05'),
(27,'2023-05-05'),
(28,'2023-05-05'),
(29,'2023-05-05'),
(30,'2023-05-05'),
(31,'2023-05-05'),
(32,'2023-05-05'),
(33,'2023-05-05'),
(34,'2023-05-06'),
(35,'2023-05-06'),
(36,'2023-05-06'),
(37,'2023-05-06'),
(38,'2023-05-06'),
(39,'2023-05-06'),
(40,'2023-05-07'),
(41,'2023-05-07'),
(42,'2023-05-07'),
(43,'2023-05-07'),
(44,'2023-05-07'),
(45,'2023-05-07'),
(46,'2023-05-07'),
(47,'2023-05-07'),
(48,'2023-05-07'),
(49,'2023-05-07'),
(50,'2023-05-08'),
(51,'2023-05-08'),
(52,'2023-05-09'),
(53,'2023-05-09'),
(54,'2023-05-09'),
(55,'2023-05-09'),
(56,'2023-05-09'),
(57,'2023-05-09'),
(58,'2023-05-09'),
(59,'2023-05-09'),
(60,'2023-05-09'),
(61,'2023-05-09'),
(62,'2023-05-09'),
(63,'2023-05-09'),
(64,'2023-05-10'),
(65,'2023-05-10'),
(66,'2023-05-10'),
(67,'2023-05-10'),
(68,'2023-05-10'),
(69,'2023-05-10'),
(70,'2023-05-10'),
(71,'2023-05-10'),
(72,'2023-05-11'),
(73,'2023-05-11'),
(74,'2023-05-11'),
(75,'2023-05-11'),
(76,'2023-05-11'),
(77,'2023-05-11'),
(78,'2023-05-12'),
(79,'2023-05-12'),
(80,'2023-05-12'),
(81,'2023-05-12'),
(82,'2023-05-13'),
(83,'2023-05-13'),
(84,'2023-05-13'),
(85,'2023-05-13'),
(86,'2023-05-13'),
(87,'2023-05-13'),
(88,'2023-05-13'),
(89,'2023-05-13'),
(90,'2023-05-13'),
(91,'2023-05-13'),
(92,'2023-05-13'),
(93,'2023-05-13'),
(94,'2023-05-13'),
(95,'2023-05-13'),
(96,'2023-05-13'),
(97,'2023-05-13'),
(98,'2023-05-14'),
(99,'2023-05-14'),
(100,'2023-05-14'),
(101,'2023-05-14'),
(102,'2023-05-14'),
(103,'2023-05-14'),
(104,'2023-05-14'),
(105,'2023-05-14'),
(106,'2023-05-14'),
(107,'2023-05-14'),
(108,'2023-05-14'),
(109,'2023-05-14'),
(110,'2023-05-15'),
(111,'2023-05-16'),
(112,'2023-05-16'),
(113,'2023-05-16'),
(114,'2023-05-16'),
(115,'2023-05-16'),
(116,'2023-05-16'),
(117,'2023-05-16'),
(118,'2023-05-17'),
(119,'2023-05-17'),
(120,'2023-05-17'),
(121,'2023-05-18'),
(122,'2023-05-18'),
(123,'2023-05-18'),
(124,'2023-05-19'),
(125,'2023-05-19'),
(126,'2023-05-19'),
(127,'2023-05-19'),
(128,'2023-05-19'),
(129,'2023-05-19'),
(130,'2023-05-19'),
(131,'2023-05-20'),
(132,'2023-05-20'),
(133,'2023-05-20'),
(134,'2023-05-20'),
(135,'2023-05-20'),
(136,'2023-05-20'),
(137,'2023-05-20'),
(138,'2023-05-20'),
(139,'2023-05-20'),
(140,'2023-05-20'),
(141,'2023-05-20'),
(142,'2023-05-20'),
(143,'2023-05-20'),
(144,'2023-05-20'),
(145,'2023-05-21'),
(146,'2023-05-21'),
(147,'2023-05-21'),
(148,'2023-05-21'),
(149,'2023-05-21'),
(150,'2023-05-21'),
(151,'2023-05-22'),
(152,'2023-05-22'),
(153,'2023-05-22'),
(154,'2023-05-22'),
(155,'2023-05-22'),
(156,'2023-05-22'),
(157,'2023-05-22'),
(158,'2023-05-22'),
(159,'2023-05-23'),
(160,'2023-05-23'),
(161,'2023-05-23'),
(162,'2023-05-23'),
(163,'2023-05-23'),
(164,'2023-05-23'),
(165,'2023-05-23'),
(166,'2023-05-23'),
(167,'2023-05-23'),
(168,'2023-05-23'),
(169,'2023-05-23'),
(170,'2023-05-23'),
(171,'2023-05-23'),
(172,'2023-05-23'),
(173,'2023-05-23'),
(174,'2023-05-23'),
(175,'2023-05-23'),
(176,'2023-05-23'),
(177,'2023-05-24'),
(178,'2023-05-24'),
(179,'2023-05-24'),
(180,'2023-05-24'),
(181,'2023-05-24'),
(182,'2023-05-24'),
(183,'2023-05-24'),
(184,'2023-05-24'),
(185,'2023-05-24'),
(186,'2023-05-24'),
(187,'2023-05-24'),
(188,'2023-05-24'),
(189,'2023-05-24'),
(190,'2023-05-24'),
(191,'2023-05-24'),
(192,'2023-05-24'),
(193,'2023-05-24'),
(194,'2023-05-25'),
(195,'2023-05-25'),
(196,'2023-05-25'),
(197,'2023-05-25'),
(198,'2023-05-25'),
(199,'2023-05-25'),
(200,'2023-05-25'),
(201,'2023-05-25'),
(202,'2023-05-25'),
(203,'2023-05-25'),
(204,'2023-05-26'),
(205,'2023-05-26'),
(206,'2023-05-26'),
(207,'2023-05-27'),
(208,'2023-05-27'),
(209,'2023-05-27'),
(210,'2023-05-27'),
(211,'2023-05-27'),
(212,'2023-05-27'),
(213,'2023-05-27'),
(214,'2023-05-27'),
(215,'2023-05-27'),
(216,'2023-05-27'),
(217,'2023-05-27'),
(218,'2023-05-27'),
(219,'2023-05-28'),
(220,'2023-05-28'),
(221,'2023-05-28'),
(222,'2023-05-28'),
(223,'2023-05-28'),
(224,'2023-05-28'),
(225,'2023-05-28'),
(226,'2023-05-28'),
(227,'2023-05-28'),
(228,'2023-05-28'),
(229,'2023-05-28'),
(230,'2023-05-28'),
(231,'2023-05-28'),
(232,'2023-05-29'),
(233,'2023-05-29'),
(234,'2023-05-29'),
(235,'2023-05-29'),
(236,'2023-05-29'),
(237,'2023-05-29'),
(238,'2023-05-29'),
(239,'2023-05-29'),
(240,'2023-05-29'),
(241,'2023-05-29'),
(242,'2023-05-29'),
(243,'2023-05-29'),
(244,'2023-05-29'),
(245,'2023-05-29'),
(246,'2023-05-29'),
(247,'2023-05-30'),
(248,'2023-05-30'),
(249,'2023-05-30'),
(250,'2023-05-30');